id,domain,status,purchase_price,renewal_price,attractiveness,demand,length,registrar,created_at,expires_at,status_verified_at
9cf583d8-b2b9-481f-bc0f-bd13c34cc526,airy.tennis,available,65.99,65.99,high,low,4,namesilo,,,
42ed7a25-da53-4bbb-abc4-fd31e8e9066d,alienate.tennis,available,65.99,65.99,high,low,8,namesilo,,,
9982712f-f9db-47fc-ae4f-22dfea98d1ac,additive.tennis,available,65.99,65.99,high,low,8,namesilo,,,
857c72ee-30aa-4747-acfd-bf7ed7866bad,share.tennis,available,65.99,65.99,high,medium,5,namesilo,,,
359f7534-feaa-4d84-b08e-0ec6e784fcb5,panasonic.tennis,available,,,high,low,9,,,,
e251c539-9aa8-4125-b6a4-7574ae61cb7a,again.tennis,available,65.99,65.99,high,low,5,namesilo,,,
1b6406ff-1eac-42bb-9a49-abb98ca92e59,idle.tennis,available,65.99,65.99,high,low,4,namesilo,,,08/08/2026 21:52
4208b9ce-923a-4d44-8f13-ebb84bf8e298,suspend.tennis,available,65.99,65.99,high,low,7,namesilo,,,
8d4f1d08-9d46-4e6d-9de9-edd2fb6763d3,them.tennis,available,65.99,65.99,high,low,4,namesilo,,,
cbac52fc-3bb2-49f8-8921-f8fae33fa815,threadbare.tennis,available,65.99,65.99,medium,low,10,namesilo,,,08/08/2026 11:10
122b822d-12a6-4e70-a705-8234a184b024,cat.tennis,available,,,high,low,3,,,,
ce56a64f-26e3-43e4-87eb-5ef615837570,clxxv.tennis,available,65.99,65.99,medium,low,5,namesilo,,,
a6de07ea-31cb-458a-9e94-f06be2ccea87,flowers.tennis,available,65.99,65.99,high,medium,7,namesilo,,,
5b5d73bc-b0fe-4cf8-a7ac-1ae668758df3,according.tennis,available,65.99,65.99,high,low,9,namesilo,,,
566d0fac-c74b-43f6-a51f-ae40a6999f98,basically.tennis,available,65.99,65.99,high,low,9,namesilo,,,
69a7a780-1695-409e-88f5-01065a285c0a,expect.tennis,available,65.99,65.99,high,low,6,namesilo,,,
93efc0e1-bfc8-4c85-8338-8adc658967ee,fiber.tennis,available,65.99,65.99,high,low,5,namesilo,,,
20134864-9734-4853-91c1-de4d89bb6334,amused.tennis,available,65.99,65.99,high,low,6,namesilo,,,
d88e8fd7-93c8-456a-b238-19c46ef3b6a1,oregon.tennis,premium,118.8,118.8,high,low,6,namesilo,,,
370a181e-a493-4d17-af4b-b639384f4f51,heartthrob.tennis,available,65.99,65.99,high,low,10,namesilo,,,
e14a0bad-2b65-4e3c-84ca-3f93db38e71c,artless.tennis,available,65.99,65.99,high,low,7,namesilo,,,06/08/2026 23:47
87e3a654-084d-4110-a601-4d53cffb4cfc,feb.tennis,available,65.99,65.99,high,low,3,namesilo,,,
dda8dd55-22cf-4e79-b29a-5919fefb716e,boer.tennis,available,65.99,65.99,high,low,4,namesilo,,,
760f897e-aacf-4813-b6df-54815c409806,annelid.tennis,available,65.99,65.99,medium,low,7,namesilo,,,
96457582-ee09-4e65-ad6c-d6fb712ee019,roger.tennis,available,65.99,65.99,high,low,5,namesilo,,,
eeed2e1c-b3e3-4c31-9937-e5d992602e20,orchestra.tennis,available,65.99,65.99,high,low,9,namesilo,,,
b895c4f6-6af9-4286-878f-8b1a511fc55a,batrachian.tennis,available,65.99,65.99,medium,low,10,namesilo,,,05/08/2026 20:53
f8ad31c0-bec3-4d70-8eb5-67a9986127da,artful.tennis,available,65.99,65.99,high,low,6,namesilo,,,06/08/2026 22:44
2f6eff40-889f-4134-8385-7c4c616047d2,jewish.tennis,available,65.99,65.99,high,low,6,namesilo,,,
76d1d950-b831-42e5-b8fe-d1a305a64357,monitor.tennis,available,65.99,65.99,high,low,7,namesilo,,,
89c3657d-ed0d-40b0-8c4c-ac13de40be16,interact.tennis,available,65.99,65.99,high,low,8,namesilo,,,
4f817b31-0a6c-495c-be3d-68acf2f31087,altissimo.tennis,available,65.99,65.99,medium,low,9,namesilo,,,
2169a1f0-155c-4acc-b253-352d83d538d5,masses.tennis,available,65.99,65.99,high,low,6,namesilo,,,
e9211c4c-a721-4063-a52c-144f4a8d2d1d,danger.tennis,available,80.99,,high,low,6,name.com,,,
2e91bf94-b40a-4339-af96-bd8f70c92f96,used.tennis,available,65.99,65.99,high,low,4,namesilo,,,
92685984-f1af-46fc-83d2-2c8c16e6793e,between.tennis,available,65.99,65.99,high,low,7,namesilo,,,
9d9cb046-045c-4b4a-a3d1-85cb1469e67e,banked.tennis,available,65.99,65.99,medium,low,6,namesilo,,,
6ea1a53f-ebf5-4c0c-9502-6663a89d166b,enable.tennis,available,65.99,65.99,high,low,6,namesilo,,,
02d80d92-c35a-4efc-a3f8-99e040204162,autistic.tennis,available,65.99,65.99,high,low,8,namesilo,,,07/08/2026 19:22
cd7a3b2e-f5fd-4c5f-b674-3b7a51fd1637,aweigh.tennis,available,65.99,65.99,low,low,6,namesilo,,,07/08/2026 14:29
eb10a838-b8e2-4c6a-a2bf-967b3bb344d0,hungry.tennis,available,65.99,65.99,high,low,6,namesilo,,,
c2563bb5-8f09-48d9-b8e9-817577b0c158,crackers.tennis,available,65.99,65.99,high,low,8,namesilo,,,06/08/2026 20:45
bee0077d-bc20-4149-9573-871da22894dd,deserted.tennis,available,65.99,65.99,high,low,8,namesilo,,,
a93f35b8-b21d-4b99-aaf6-0cd727a1eb2b,limitation.tennis,available,65.99,65.99,medium,low,10,namesilo,,,
c130bbfc-94e8-4c91-8819-e965c988ff82,temporary.tennis,available,65.99,65.99,high,low,9,namesilo,,,
c1b2a7f3-cf13-43aa-9642-16420c1a8f65,bee.tennis,available,65.99,65.99,high,medium,3,namesilo,,,
09f5a135-f4a5-4505-887c-03418e4453c7,abaxial.tennis,available,65.99,65.99,medium,low,7,namesilo,,,
317cbca0-e270-4d39-a115-6d6ee73d1e23,distinguished.tennis,available,65.99,65.99,high,low,13,namesilo,,,
07d098fa-8c6c-4f0b-a174-f690f3fd6a6e,briefs.tennis,available,80.99,,high,low,6,name.com,,,
042d1658-64ce-44cf-96e8-c5f2159406f9,limo.tennis,available,65.99,65.99,high,low,4,namesilo,,,
5079715c-fa7c-4c08-aec5-7cbccec2ee5a,magical.tennis,available,65.99,65.99,high,low,7,namesilo,,,
bef89615-7d26-4974-be57-71bc79abb237,side.tennis,available,65.99,65.99,high,low,4,namesilo,,,
2c883d06-1a7a-4dcb-99a6-7efa02d24401,seats.tennis,available,65.99,65.99,high,low,5,namesilo,,,
e9fd0594-2199-476f-bb4d-d31590b75f47,wiring.tennis,available,80.99,,high,low,6,name.com,,,
3733ec4c-a2ff-4b99-9def-b159f1c9c8c9,covid.tennis,available,65.99,65.99,high,low,5,namesilo,,,
9f35f8cf-547c-4d9d-8f5a-f2d2646319ee,haywire.tennis,available,67.98,81.98,high,low,7,namecheap,,,
57d66eee-f0cd-4b34-bf67-6f78110d568a,jolly.tennis,available,65.99,65.99,high,low,5,namesilo,,,
e128c75e-27fc-4dd0-a4f3-e334cbda0e38,lowering.tennis,available,65.99,65.99,high,low,8,namesilo,,,
cec43644-e2fe-495a-89be-733d25b2a5d2,perspective.tennis,available,65.99,65.99,high,low,11,namesilo,,,
63a06011-7caa-4639-a46c-b0baf1f0ff1e,during.tennis,available,65.99,65.99,medium,low,6,namesilo,,,
23853b1a-165f-4b9d-a35b-2f0d0c4a76fe,agential.tennis,available,65.99,65.99,medium,low,8,namesilo,,,
757a77fc-5fa2-4180-b523-2d277f98d2b1,scan.tennis,available,65.99,65.99,high,low,4,namesilo,,,
f0a6a7d6-592e-44a6-8051-f6dfd9bcd406,soupy.tennis,available,65.99,65.99,medium,low,5,namesilo,,,09/08/2026 01:20
826c1e35-8fd8-405b-bff4-1590ee45fe1e,psychologist.tennis,available,65.99,65.99,high,low,12,namesilo,,,
0ee723aa-f435-4f39-acc0-8ad55cdccbe8,wintertime.tennis,available,65.99,65.99,high,low,11,namesilo,,,
31141b65-9849-4651-bdb7-f53fd2bbac5e,dough.tennis,available,65.99,65.99,high,low,5,namesilo,,,08/09/2026 03:53
79971ed3-9127-47b0-a2ee-46df3382fc97,groves.tennis,available,80.99,,high,low,6,name.com,,,
21dc229b-4fed-498d-99e6-5416ce124da7,pull.tennis,available,65.99,65.99,high,low,4,namesilo,,,
f490fdca-73d7-4698-878d-1d35307f6dc0,facing.tennis,available,65.99,65.99,high,low,6,namesilo,,,
5b964551-fc02-42a8-863a-ea62df6fad38,elvis.tennis,available,65.99,65.99,high,low,5,namesilo,,,
10513fa3-f724-4ea6-a44c-da71c6503968,nightmare.tennis,available,65.99,65.99,high,low,9,namesilo,,,
f8052d63-408e-4c5e-b044-f4de282a50e1,rider.tennis,available,65.99,65.99,high,low,5,namesilo,,,
fe478f19-00c3-47d2-a7ff-9422a57ad7ac,lag.tennis,available,65.99,65.99,high,low,3,namesilo,,,
5f538bf2-db21-4f23-a192-d790b6815160,laws.tennis,available,65.99,65.99,high,low,4,namesilo,,,
3a3b496b-02eb-4faa-a35d-8da31358c22a,environmentally.tennis,available,65.99,65.99,medium,low,15,namesilo,,,
f0e25a75-fa04-4e7b-a8ba-fb65c2d73553,conventionally.tennis,available,65.99,65.99,medium,low,14,namesilo,,,
fcf89c14-ad6b-4171-a11f-d1e6ded1e418,translation.tennis,available,65.99,65.99,high,low,11,namesilo,,,
359a0440-c554-4d8b-a0ef-4ea7da10606a,neverending.tennis,available,80.99,,high,low,12,name.com,,,
cafe4972-857c-44cf-bc29-84988391bf58,enlivening.tennis,available,65.99,65.99,medium,low,10,namesilo,,,
92898102-234a-44d3-a1b9-f9e0474b8fee,campaign.tennis,available,65.99,65.99,high,low,8,namesilo,,,
e9996436-1f2e-4a0f-8182-1ed63080d6eb,lastly.tennis,available,80.99,,high,low,6,name.com,,,
6f26be4c-5882-4e73-9656-c4c2cdbbc2ac,blob.tennis,available,65.99,65.99,high,low,4,namesilo,,,
85c7e395-57da-4df9-91fc-dea48819766a,myspace.tennis,available,,,high,low,7,,,,
9021e795-d00b-4d23-8ed0-1cd287bc84dd,conduction.tennis,available,65.99,65.99,high,low,10,namesilo,,,
7e0877e3-b613-44d4-a899-fc90575b9748,understand.tennis,available,65.99,65.99,high,low,10,namesilo,,,
c780cbd9-24dd-422b-9ace-ea7e03104ef7,colombo.tennis,available,65.99,65.99,high,low,7,namesilo,,,
7665db93-686a-412c-9458-400d8dddb9de,invaluable.tennis,available,65.99,65.99,high,low,10,namesilo,,,
f8fe5ad3-91ab-4563-bb02-ec8d5f0b57d2,fiercely.tennis,available,80.99,,high,low,8,name.com,,,
7767c6a8-ecc6-4bf0-b04d-c16d874ce0f6,shaper.tennis,available,65.99,65.99,high,low,6,namesilo,,,
70089d21-e429-416d-b04f-72ac0e6a0230,prior.tennis,available,65.99,65.99,high,low,5,namesilo,,,
7e160672-27a3-4d60-8be0-243cb8ba89e3,unused.tennis,available,65.99,65.99,medium,low,6,namesilo,,,
23275435-e85e-4e0e-95fe-593e36460685,smell.tennis,available,65.99,65.99,high,low,5,namesilo,,,
4e6157b9-e561-4d80-b0b7-dd461e3855bd,painful.tennis,available,65.99,65.99,high,low,7,namesilo,,,
7e9e338d-8908-4c2a-a328-ae1269ca6f98,finally.tennis,available,65.99,65.99,high,low,7,namesilo,,,
2f9030f0-4a94-4bbf-99e0-9d9ffb4a4354,ashen.tennis,available,65.99,65.99,medium,low,5,namesilo,,,07/08/2026 02:09
9cff5ce7-c70d-400d-a144-74711d2235d9,grains.tennis,available,80.99,,high,low,6,name.com,,,
f0896135-a793-40ab-adbb-592d79344f9a,axenic.tennis,available,65.99,65.99,medium,low,6,namesilo,,,08/08/2026 01:51
ebf64f48-1fd4-448f-8232-d7be8d5bb3db,beamy.tennis,available,65.99,65.99,medium,low,5,namesilo,,,09/08/2026 04:18
555fb604-02bc-4cd6-a572-bc585a94e265,assure.tennis,available,65.99,65.99,high,low,6,namesilo,,,
34c5e208-d5f1-48d1-940f-7c59fa546868,pot.tennis,available,65.99,65.99,high,low,3,namesilo,,,
8e635bf5-a074-4f98-8aba-f2135f50b68e,november.tennis,available,65.99,65.99,high,low,8,namesilo,,,
d90139f8-257d-4d7b-a616-e2dbaa8e7b70,distance.tennis,available,65.99,65.99,high,low,8,namesilo,,,
ae50d09b-2481-45d0-9176-c00d786f64fa,lightly.tennis,available,65.99,65.99,high,low,7,namesilo,,,
6078f503-8949-4140-99d8-74dc54c72aa9,linear.tennis,available,65.99,65.99,high,low,6,namesilo,,,
fecc2965-5dfd-4f93-ad80-6ae2554b4c26,ignore.tennis,available,65.99,65.99,high,low,6,namesilo,,,
0de9e511-8960-4024-b831-8d510c76d316,aberrant.tennis,available,65.99,65.99,high,low,8,namesilo,,,
915017fc-509b-4e97-9c01-8bbf96bee10d,analytical.tennis,available,65.99,65.99,high,low,10,namesilo,,,
c77fcdf6-3971-4398-9bc5-42b73859c15a,quickness.tennis,available,65.99,65.99,high,low,9,namesilo,,,
8f5b0e9e-77ba-4dbe-9dc8-1c8b4b578d4d,observer.tennis,available,65.99,65.99,high,low,8,namesilo,,,
251cf28f-6139-4552-bbae-2f0d706cffa3,banking.tennis,available,65.99,65.99,high,low,7,namesilo,,,
8b4b5702-deff-49c4-b3ba-ffe29bfc9632,camouflage.tennis,available,65.99,65.99,high,low,10,namesilo,,,
21dce1a5-b8e3-4cb2-955f-f11ae0612974,katy.tennis,available,80.99,,high,low,4,name.com,,,
5cd5bcbe-275a-4a15-b315-bf08199b11bb,acquitted.tennis,available,67.98,81.98,high,low,9,namecheap,,,
86a29175-092f-4e27-832a-535e1ac58841,remover.tennis,available,65.99,65.99,high,low,7,namesilo,,,
087f1a98-8176-445f-bbea-726e9dfbb55a,sensory.tennis,available,65.99,65.99,high,low,7,namesilo,,,
c0106f67-7fe9-41e3-88e0-184a2e55e270,scheme.tennis,available,65.99,65.99,high,low,6,namesilo,,,
f1b6126b-86a3-46bc-bb31-822dc7794140,advertent.tennis,available,65.99,65.99,medium,low,9,namesilo,,,
1196f1ee-c159-45b9-810f-de5091d797bd,eolian.tennis,available,65.99,65.99,medium,low,6,namesilo,,,
56506602-09d2-4aec-a85b-a0f8758b8eaf,purchase.tennis,available,65.99,65.99,high,low,8,namesilo,,,
eac694f0-8827-4eb4-9d62-fbe3667988c5,embracing.tennis,available,65.99,65.99,high,low,9,namesilo,,,
ed569c3c-6a89-4411-b0a2-bd60eff31eb9,youth.tennis,premium,242,242,high,low,5,namesilo,,,
02fdf199-4fdc-4cfc-b882-059c46bac208,supplier.tennis,available,65.99,65.99,high,low,8,namesilo,,,
236c6b64-b0d9-47db-81ca-c586ea57a3f1,rested.tennis,available,80.99,,high,low,6,name.com,,,
d0b0ef8c-3e45-4162-a0a0-6ca2872d4d3b,alaska.tennis,premium,118.8,118.8,high,low,6,namesilo,,,
85829537-d54c-44ba-89b1-f83a1a0c03d9,informative.tennis,available,80.99,,high,low,11,name.com,,,
0a6ecb89-28ad-4bb5-9b98-fe90bd182c41,jazz.tennis,available,65.99,65.99,high,low,4,namesilo,,,
211defaa-3121-4fcd-9e27-1b678b40e7c7,chose.tennis,available,65.99,65.99,high,low,5,namesilo,,,
11eb2676-ccba-486d-974a-7e0129b21ece,triclinic.tennis,available,65.99,65.99,medium,low,9,namesilo,,,
9ce81610-206b-4b50-9b14-e96b5ff73bf7,certain.tennis,available,65.99,65.99,high,low,7,namesilo,,,
712998a6-8a6a-40f1-a05e-ecf55ab118d9,promising.tennis,available,65.99,65.99,high,low,9,namesilo,,,
56061d9f-8cbd-474e-a2d3-a28a0feb14c4,nest.tennis,available,80.99,,high,medium,4,name.com,,,
8faeec30-0a23-4d9a-ad77-68324d5ef387,andrew.tennis,available,80.99,,high,medium,6,name.com,,,
7a89d8d5-d980-41fc-9ca1-3033f5f5de6e,ache.tennis,available,65.99,65.99,high,low,4,namesilo,,,
bb1986b4-67e4-4655-a383-6bd99d29aaf8,today.tennis,premium,242,242,high,low,5,namesilo,,,
b53c9602-7af4-4417-a65f-92bb630ccfeb,pamela.tennis,available,65.99,65.99,high,low,6,namesilo,,,
8933f86b-513e-4109-af18-f7adfe2ad80d,abridged.tennis,available,65.99,65.99,high,low,8,namesilo,,,
bbd45b2e-987c-4039-8bb3-9ff319183d87,undeveloped.tennis,available,80.99,,high,low,11,name.com,,,
92cfd16d-406d-4472-80fd-c0ae2dcb03ea,impossible.tennis,available,65.99,65.99,high,low,10,namesilo,,,
e43b761d-3776-4733-9d9f-5170c75c2463,stars.tennis,available,65.99,65.99,high,low,5,namesilo,,,
a4b829fd-bfa4-49c4-a7dc-9441d05e1849,dandy.tennis,available,65.99,65.99,high,low,5,namesilo,,,08/08/2026 12:30
adfe523d-4ab3-4fba-b185-625df3cc3219,alchemic.tennis,available,65.99,65.99,medium,low,8,namesilo,,,
00114a0a-506b-4a25-aef4-ba8e20e7c752,animals.tennis,available,65.99,65.99,high,low,7,namesilo,,,
927802c2-2fcf-43f0-9b9a-a0b7216f3f31,evacuate.tennis,available,65.99,65.99,high,low,8,namesilo,,,
d8646daa-0322-4ab9-b01a-b06ce45c256f,communicate.tennis,available,65.99,65.99,high,low,11,namesilo,,,
680d999e-d39f-4aaf-8278-2ecb6fc40028,cnn.tennis,available,65.99,65.99,high,low,3,namesilo,,,
7c8d38a1-162e-4b2f-8c4e-b787f92f5891,grip.tennis,available,65.99,65.99,high,low,4,namesilo,,,
a505b697-8add-4d88-9584-31d8da2fd3a1,tormented.tennis,available,65.99,65.99,medium,low,9,namesilo,,,
2fa6ae11-b5c7-4da6-9530-017db75134f1,anabatic.tennis,available,65.99,65.99,medium,low,8,namesilo,,,
9793dc10-61d3-4c65-a39f-00d86cddcb11,rose.tennis,available,80.99,,high,medium,4,name.com,,,
7953035d-5ef0-4177-b099-d076435cd5ee,hybrid.tennis,available,65.99,65.99,high,low,6,namesilo,,,
42345706-233b-488f-88ae-11ad6305e653,rhythmic.tennis,available,80.99,,high,low,8,name.com,,,
57fb1aa4-9be4-4680-8d51-cde75cb5e4d4,dormant.tennis,available,65.99,65.99,high,low,7,namesilo,,,
2a471332-b738-4e4f-81c6-5c380e9fb913,smile.tennis,available,65.99,65.99,high,medium,5,namesilo,,,
46090f81-da8a-492f-b291-af5b5b9264e9,his.tennis,available,65.99,65.99,high,low,3,namesilo,,,
4955276d-cb84-4292-a6a2-75527eba60e9,thinking.tennis,available,65.99,65.99,high,low,8,namesilo,,,
c355f049-f7f5-48c8-a620-b3a37561c985,eighth.tennis,available,65.99,65.99,high,low,6,namesilo,,,
bdb86293-db59-4e71-901c-88123733b20d,significantly.tennis,available,65.99,65.99,medium,low,13,namesilo,,,
544edf6b-bcef-45ac-ac7c-912ebf82bb9c,maybe.tennis,available,80.99,,high,low,5,name.com,,,
7ac44260-d61b-4e40-a9d0-c89169def48c,atrial.tennis,available,65.99,65.99,low,low,6,namesilo,,,07/08/2026 14:24
943d9b88-c28e-4555-b9fa-3f047bf4ce1a,alfresco.tennis,available,65.99,65.99,high,low,8,namesilo,,,
8b1e3911-654b-45d1-bb87-940a65da3855,matter.tennis,available,65.99,65.99,high,low,6,namesilo,,,
f66d528d-ebeb-463b-be84-0525d5088f1c,boo.tennis,resell,,,high,low,3,"GoDaddy.com, LLC",21/06/2015 13:29,21/06/2026 13:29,
31423abf-4be3-4626-a77c-d4fb91d0112e,effectively.tennis,available,65.99,65.99,high,low,11,namesilo,,,
8be082e2-506e-4093-b4b8-09a3f36ddf11,bewildered.tennis,available,65.99,65.99,medium,low,10,namesilo,,,07/08/2026 11:52
f492d375-6dbe-4c09-a56b-23033169a7fe,deviate.tennis,available,65.99,65.99,high,low,7,namesilo,,,
7651f355-9eee-4df6-b763-d312cfd650a0,rang.tennis,available,65.99,65.99,medium,low,4,namesilo,,,
069088a8-6d06-408f-b233-dc2af6aa14f4,algonkin.tennis,available,65.99,65.99,medium,low,8,namesilo,,,
71572fc8-8b26-4448-8ee0-5652fe3b73de,boost.tennis,available,65.99,65.99,high,low,5,namesilo,,,
97c649cf-34ba-4a6f-8e04-34ebdc5be549,richmond.tennis,available,65.99,65.99,high,low,8,namesilo,,,
32e0d548-c3b3-405e-973e-fa493d0ee1c3,wages.tennis,available,65.99,65.99,high,low,5,namesilo,,,
016a933d-e659-4dac-b356-1c72fc22df11,choc.tennis,available,65.99,65.99,high,low,4,namesilo,,,
7d18d247-94dd-43f0-9872-fa069e1f1211,highway.tennis,available,65.99,65.99,high,low,7,namesilo,,,
5a38dd4c-b16f-4d15-82a0-417069021edf,impact.tennis,available,,,high,low,6,,,,
e630ee0a-a47e-4825-b685-65c83b726b13,jerk.tennis,available,65.99,65.99,high,low,4,namesilo,,,
4e11792b-a366-4d20-a460-c3f215aef473,couple.tennis,available,65.99,65.99,high,low,6,namesilo,,,
ab2ee2f5-e1e6-4afd-9c75-bd28a74f8b6a,lady.tennis,available,80.99,,high,low,4,name.com,,,
6249fa13-7e5f-4277-b999-fcccdbd4e426,confused.tennis,available,65.99,65.99,high,low,8,namesilo,,,07/08/2026 12:02
a3d37338-acf9-43a8-b889-682af2e868f6,prickly.tennis,available,65.99,65.99,high,low,7,namesilo,,,08/08/2026 17:34
ac4b572f-ff9b-4461-8d0e-a526620740ba,ambivalent.tennis,available,65.99,65.99,medium,low,10,namesilo,,,
017477af-ea6c-4758-8482-d9ce65d3ea5d,dive.tennis,available,65.99,65.99,high,low,4,namesilo,,,
7e1a82f9-f614-4ab0-9a45-5fe838b3a607,parliamentary.tennis,available,65.99,65.99,medium,low,13,namesilo,,,
6ff9717a-cac1-4647-a852-b06d614fce2d,buster.tennis,available,65.99,65.99,high,low,6,namesilo,,,
807f0216-1165-4aaa-9b82-c37314001d42,interpret.tennis,available,65.99,65.99,high,low,9,namesilo,,,
f05cce06-1003-4546-80a5-8c84477a05d6,peace.tennis,available,65.99,65.99,high,low,5,namesilo,,,
6e172681-3ad3-4464-a407-1e875ab537e2,restructure.tennis,available,65.99,65.99,high,low,11,namesilo,,,
702dca46-8200-425a-bd36-b2e9807b0c15,aug.tennis,available,65.99,65.99,high,low,3,namesilo,,,07/08/2026 17:10
a42e4d94-d5fc-41a8-9777-85f30e383e1c,pretty.tennis,available,65.99,65.99,high,low,6,namesilo,,,
a2139805-6cc4-4bd6-bce3-870318d92926,afghani.tennis,available,65.99,65.99,medium,low,7,namesilo,,,
d53fd29d-8beb-4ed8-a7e5-633df22d26ee,themself.tennis,available,65.99,65.99,medium,low,8,namesilo,,,
2a85a41f-c4af-45d1-8931-b24e5fffc5f3,volleyball.tennis,available,65.99,65.99,high,low,10,namesilo,,,
00e3cdd2-74cd-4234-b79c-b95d9b2ec483,yur.tennis,available,65.99,65.99,high,low,3,namesilo,,,
acf3043c-6671-4d03-ba23-e05e523b087d,redemption.tennis,available,65.99,65.99,high,low,10,namesilo,,,
9c342069-2fea-47b3-8296-30435d73febd,emotive.tennis,available,65.99,65.99,high,low,7,namesilo,,,
e29a6ab7-bbdf-4926-8468-e0e08c458c20,orangutan.tennis,available,65.99,65.99,high,low,9,namesilo,,,
ce1a7172-914d-42ff-9390-74e849740d4d,tasking.tennis,available,65.99,65.99,high,low,7,namesilo,,,
a2da5bdb-a541-4489-aafe-b6ecb48ff21d,passionately.tennis,available,65.99,65.99,high,low,12,namesilo,,,
f5672a96-f2bb-4d46-9622-5f2935d52819,verify.tennis,available,80.99,,high,medium,6,name.com,,,
3b5984b8-b917-4384-b599-2385699402f4,adequately.tennis,available,65.99,65.99,high,low,10,namesilo,,,
1d3f7abc-14b5-49bd-a2ef-7fb91106b8dd,allies.tennis,available,65.99,65.99,high,low,6,namesilo,,,
9dc039f3-5377-4639-9d1e-58d6d9a8d946,veer.tennis,available,65.99,65.99,high,low,4,namesilo,,,
1e6de35c-6605-4764-9586-4f013401d223,notes.tennis,available,65.99,65.99,high,low,5,namesilo,,,
bded3de3-0387-434e-921b-f126dcdb1b7b,salary.tennis,available,65.99,65.99,high,low,6,namesilo,,,
908a5795-c852-4cb1-a977-fd57a1f57f47,unceasing.tennis,available,65.99,65.99,high,low,9,namesilo,,,
739bb93d-6e47-49ef-97ca-7dcf94939968,expedition.tennis,available,65.99,65.99,high,low,10,namesilo,,,
1a4f5c91-05f7-4177-9d1b-13b2cc525ee3,befuddled.tennis,available,65.99,65.99,medium,low,9,namesilo,,,07/08/2026 11:41
d0f91381-8e91-4721-b20b-341374159686,asiatic.tennis,available,65.99,65.99,medium,low,7,namesilo,,,07/08/2026 02:29
78cda7b7-7616-49a7-9c97-b2fcfeeb4340,flourishing.tennis,available,80.99,,high,low,11,name.com,,,
7f73930b-5bb2-4f7a-b5b9-4803da29f42f,philips.tennis,available,,,high,low,7,,,,
d46678bf-78ca-4a75-b572-43944b38faa3,marihuana.tennis,available,65.99,65.99,high,low,9,namesilo,,,
d4034b4a-e1b4-4cea-a71d-e46dda994d6f,daft.tennis,available,65.99,65.99,high,low,4,namesilo,,,06/08/2026 20:50
241ed62f-f795-4d02-98dd-d1461e6cd461,agnatic.tennis,available,65.99,65.99,medium,low,7,namesilo,,,
040176c6-41b4-4866-bd3b-26361fbeadbb,voluntarily.tennis,available,65.99,65.99,high,low,11,namesilo,,,
16f01657-3164-438d-9056-2e5d99fe8b59,phony.tennis,available,65.99,65.99,high,low,5,namesilo,,,08/08/2026 23:09
a61c41bb-f430-4890-b88e-4f56cf16ff45,liv.tennis,available,65.99,65.99,high,low,3,namesilo,,,
aea57f66-b559-4f06-8df5-a7403ca6c2fd,furtive.tennis,available,65.99,65.99,medium,low,7,namesilo,,,08/08/2026 06:32
ef69b18b-c20e-4dcd-b1a9-936984598b28,antigenic.tennis,available,67.98,81.98,medium,low,9,namecheap,,,
c3d9d1de-2ee0-47e5-8c3d-114e1e7770f2,grimy.tennis,available,65.99,65.99,medium,low,5,namesilo,,,09/08/2026 09:25
c682ff60-1605-4c7b-8cd4-ec94e82da98d,adscript.tennis,available,65.99,65.99,medium,low,8,namesilo,,,
609799ad-7c6f-4015-9ebc-97c569c31593,dna.tennis,available,65.99,65.99,high,medium,3,namesilo,,,
81087c44-d84b-4f91-90a7-e232d57c20d7,cocktail.tennis,available,65.99,65.99,high,low,8,namesilo,,,
8085d0a0-4755-48cd-8df4-71489e2d2b04,monstrous.tennis,available,65.99,65.99,medium,low,9,namesilo,,,07/08/2026 14:47
b037cfc3-8555-44ee-bb57-36592047efd9,journalism.tennis,available,65.99,65.99,high,low,10,namesilo,,,
1d4909f8-5db7-40fe-a0a9-87454a005b42,proactive.tennis,available,65.99,65.99,high,low,9,namesilo,,,
45334396-17e6-4e1a-8699-34e8d81dc714,invincible.tennis,available,65.99,65.99,high,low,10,namesilo,,,
96ab4ab0-5035-4031-a4e3-251f6f11272c,april.tennis,available,,,high,low,5,,,,
74bfd1cd-c5ae-4fd7-bdf8-a169e951a18b,analyzed.tennis,available,65.99,65.99,high,low,8,namesilo,,,
0c368513-1e5f-4fbe-be21-c26e21e8c9aa,seagull.tennis,available,65.99,65.99,high,low,7,namesilo,,,
adb82994-e172-41a2-b225-f14c9f02263a,invisible.tennis,available,65.99,65.99,high,low,9,namesilo,,,
d86c5743-8b42-4d63-a719-c7fc9aebe4a6,ashy.tennis,available,65.99,65.99,high,low,4,namesilo,,,07/08/2026 02:04
3eaff353-8a2d-47a5-9907-af40dd6448b0,exhibition.tennis,available,65.99,65.99,high,low,10,namesilo,,,
97a2cd7d-bda2-47f9-a00f-769ff4d5cc4a,pittsburgh.tennis,premium,78.54,78.54,high,low,10,namesilo,,,
469a0782-ce42-4cc5-8965-22df6dfe8916,supermodel.tennis,available,80.99,,high,low,10,name.com,,,
77f3a624-fd62-42d5-b921-d4629f0956e5,amorphous.tennis,available,65.99,65.99,medium,low,9,namesilo,,,
41946293-23c2-4660-b86f-bc29c368c3d1,bald.tennis,available,65.99,65.99,medium,low,4,namesilo,,,08/08/2026 09:16
04350d9c-6853-4eaf-b968-d1998f9873a6,tons.tennis,available,80.99,,high,low,4,name.com,,,
3c757b0c-26e0-49aa-9047-5c2298df268e,shrek.tennis,available,,,high,low,5,,,,
ed8d86fc-cae9-40ac-b3a3-9cf4c36bf4d7,munich.tennis,available,80.99,,high,low,6,name.com,,,
0476a3aa-68f1-40e6-9e21-33a6039b6765,showed.tennis,available,65.99,65.99,medium,low,6,namesilo,,,
cab9b1af-6719-4e60-9038-a78d2c6c7227,arresting.tennis,available,65.99,65.99,high,low,9,namesilo,,,06/08/2026 21:47
a68bcbfa-74d0-4c4f-8bb2-6d41a6afad9f,oneself.tennis,available,65.99,65.99,high,low,7,namesilo,,,
0ab0af50-853d-4e7a-a27c-a7f75ac4f162,decay.tennis,available,80.99,,high,low,5,name.com,,,
b45718af-e819-40dc-8e89-c048b4746d8c,confusion.tennis,available,65.99,65.99,high,low,9,namesilo,,,
b7910e2a-fbb5-4a49-bed0-0e54f4e7e43f,lunar.tennis,available,65.99,65.99,high,low,5,namesilo,,,
a3a886e3-404a-40c2-aa80-12e3da0bb462,accurst.tennis,available,65.99,65.99,medium,low,7,namesilo,,,
03eff7e3-4932-41a5-8f97-1e282153b34f,spoon.tennis,available,65.99,65.99,high,low,5,namesilo,,,
85229ef8-1561-41da-bdbc-d9104fdb33f6,wired.tennis,available,65.99,65.99,high,low,5,namesilo,,,
8342938a-4166-4e61-9d17-249a0d800b0f,introduced.tennis,available,65.99,65.99,high,low,10,namesilo,,,
91415024-b767-4b90-8bef-6f5883b61c34,threesome.tennis,available,65.99,65.99,high,low,9,namesilo,,,
a40acf93-7d0e-4bd7-9368-6db21f359e04,airlike.tennis,available,65.99,65.99,high,low,7,namesilo,,,
678640aa-8902-47f5-b58a-4f99de4d5836,mouth.tennis,available,65.99,65.99,high,low,5,namesilo,,,08/09/2026 03:51
5c84dcee-f136-441b-836d-dffd160efa6f,shaking.tennis,available,65.99,65.99,high,low,7,namesilo,,,
ee9eff2d-313e-43be-b1d1-45b35f222ff0,fix.tennis,available,65.99,65.99,high,low,3,namesilo,,,
a76c7562-0033-4de4-9dd9-0857fcab3551,mmr.tennis,available,65.99,65.99,high,low,3,namesilo,,,
64cf733c-9ef8-46b8-9eb0-8d199950fb21,proper.tennis,available,65.99,65.99,high,low,6,namesilo,,,
f3acc992-4bd8-4fbe-a4f9-fc06cdff2848,understood.tennis,available,65.99,65.99,high,low,10,namesilo,,,
ece95f84-3c21-4619-9551-e93484c06ce9,wonder.tennis,available,65.99,65.99,high,medium,6,namesilo,,,
e65bbf66-72ee-4e78-83dd-4cee0c882bb4,lens.tennis,available,,,high,low,4,,,,
48164deb-ee05-40ec-9385-1f6b8355d032,medals.tennis,available,65.99,65.99,high,low,6,namesilo,,,
3e1050c0-cd68-4572-b409-f3c77d80402f,burger.tennis,available,65.99,65.99,high,low,6,namesilo,,,
eec03ac1-9ed6-44ff-ae19-4e5e9a872368,azonic.tennis,available,65.99,65.99,medium,low,6,namesilo,,,08/08/2026 02:32
cec017ea-bdab-482e-b0b8-8ab6114ccbbe,latest.tennis,available,65.99,65.99,high,low,6,namesilo,,,
de68f879-05eb-484b-80bb-e9182a9b56b8,whose.tennis,available,65.99,65.99,high,low,5,namesilo,,,
646cb3b8-e241-4bf9-b0f9-8036745efbb8,truant.tennis,available,65.99,65.99,high,low,6,namesilo,,,08/08/2026 01:41
adf61df6-d727-489d-a2f4-027e09660f1b,walking.tennis,available,65.99,65.99,high,low,7,namesilo,,,
92e66eb9-b09e-40d4-8d6a-e949e5b1cc67,chesty.tennis,available,65.99,65.99,medium,low,6,namesilo,,,06/08/2026 22:08
60a16589-48ac-4cfc-b9d5-0494b23d2ae8,attained.tennis,available,65.99,65.99,high,low,8,namesilo,,,07/08/2026 15:07
48a8d0fe-b700-4073-bdc8-3fd0e7397c64,hassle.tennis,available,80.99,,high,low,6,name.com,,,
581c7583-1671-46be-922a-f73bff87edfd,publicity.tennis,available,65.99,65.99,high,low,9,namesilo,,,
7e5e05d7-dd85-47e0-939d-4a2b1ded53a2,lying.tennis,available,65.99,65.99,high,low,5,namesilo,,,
575044ab-8094-4383-886d-7e24176d3344,invented.tennis,available,65.99,65.99,high,low,8,namesilo,,,
3e78d8cd-dbbd-4ead-9ae3-1d44c6b8bc53,barky.tennis,available,65.99,65.99,medium,low,5,namesilo,,,08/08/2026 19:46
349f5886-50e1-4578-91d3-d839ad8d81d5,guitar.tennis,available,80.99,,high,low,6,name.com,,,
a42afdf1-2ef8-4be3-a7cd-f991a1f8369d,indiana.tennis,premium,78.54,78.54,high,low,7,namesilo,,,
7043f39d-6b65-446c-b3b1-9872aacf0cc7,macro.tennis,available,65.99,65.99,high,low,5,namesilo,,,
e248d06b-1e6e-4275-9fb5-92fbb77357c1,expose.tennis,available,65.99,65.99,high,low,6,namesilo,,,
edfc2a80-951b-4abe-b353-5daafd4c2455,kleenex.tennis,available,65.99,65.99,high,low,7,namesilo,,,
751d5977-f645-4d45-bc62-7d733f573ef5,accident.tennis,available,65.99,65.99,high,low,8,namesilo,,,
71a206fe-2479-4ca3-860f-96029de46ff6,inhale.tennis,available,65.99,65.99,high,low,6,namesilo,,,
ce53a852-10e3-4d8c-8745-9c5a9acfc72a,azo.tennis,available,65.99,65.99,high,low,3,namesilo,,,08/08/2026 02:17
944b81ce-eabc-4dc3-a660-bd0b1939570e,annotated.tennis,available,65.99,65.99,high,low,9,namesilo,,,
e8501f4d-a929-4f28-8fc9-74ad7c1aef63,won.tennis,premium,118.8,118.8,high,low,3,namesilo,,,
9bc9921f-d1a3-4ae6-980d-da8feda174e7,reset.tennis,available,,,high,low,5,,,,
02ed2a27-b2d1-4221-a02d-b728237e5265,fee.tennis,available,65.99,65.99,high,low,3,namesilo,,,
b8f8d45a-6392-4b96-a5ce-9ceed5e37bbd,tragic.tennis,available,65.99,65.99,high,low,6,namesilo,,,
424fafbc-79c5-4b51-ae83-b620b315fc43,conducting.tennis,available,65.99,65.99,high,low,10,namesilo,,,
59b7bfc6-910f-4748-bb62-150631a39c4a,sec.tennis,available,65.99,65.99,high,low,3,namesilo,,,
7946c2b2-17c2-4d47-b411-e6e791ecbc4f,leaning.tennis,available,65.99,65.99,high,low,7,namesilo,,,07/08/2026 13:24
bd541cc1-7481-41b3-b6ee-639f6a0cbf2b,optionally.tennis,available,65.99,65.99,high,low,10,namesilo,,,
8b93299d-4db5-48b6-b4a9-c4120a697f97,ariled.tennis,available,67.98,81.98,medium,low,6,namecheap,,,06/08/2026 19:09
64b82d66-93a2-4fd8-b4ee-a2d33e18c316,congregation.tennis,available,65.99,65.99,high,low,12,namesilo,,,
37776427-a5c3-4206-9ee3-cab804a009b9,urge.tennis,available,65.99,65.99,high,low,4,namesilo,,,
efaf2ce7-7f2f-4984-8898-a0cf50ee55a1,anemic.tennis,available,65.99,65.99,high,low,6,namesilo,,,
f7437635-a8cb-49ee-bb7d-b8da25a3f421,entirely.tennis,available,65.99,65.99,high,low,8,namesilo,,,
4691a8c5-e858-4329-ac8a-c9da4991f0b5,clock.tennis,available,65.99,65.99,high,low,5,namesilo,,,
d371dac0-9f5c-446e-8489-f5a148801aa3,album.tennis,available,65.99,65.99,high,low,5,namesilo,,,
6fb2346f-2e3f-47d9-8d37-61703fef1291,canal.tennis,available,65.99,65.99,high,low,5,namesilo,,,
82827965-eda1-41cc-a0d0-08156bba5db1,produce.tennis,available,65.99,65.99,high,low,7,namesilo,,,
b05e8327-f6b8-4111-b781-f046397c7edd,marooned.tennis,available,65.99,65.99,medium,low,8,namesilo,,,
cab6315c-4e13-4316-aa38-c74b9163410c,lordly.tennis,available,65.99,65.99,high,low,6,namesilo,,,07/08/2026 17:05
6500cec6-1a98-4c7a-9688-e62e0bfbc8dd,closely.tennis,available,65.99,65.99,high,low,7,namesilo,,,
606c1611-0efc-468d-b879-53305e5b299d,believable.tennis,available,65.99,65.99,high,low,10,namesilo,,,09/08/2026 13:01
730774a8-919f-4551-a076-bb4a852dbaa0,siri.tennis,available,,,high,low,4,,,,
f7bf2cca-d5c9-4029-8e4e-d286ddd0264b,pentium.tennis,available,65.99,65.99,high,low,7,namesilo,,,
4e4e4854-1357-4262-9bd4-277152f59081,needing.tennis,available,65.99,65.99,high,low,7,namesilo,,,
634f496b-3868-4174-a4ae-8396a88efc45,fedex.tennis,available,65.99,65.99,high,low,5,namesilo,,,
8518879e-1e7b-41b8-84c8-3c0adce45ef5,neck.tennis,available,65.99,65.99,high,low,4,namesilo,,,
38d82e75-d5aa-4f32-a6f2-22cd390fa321,grownup.tennis,available,65.99,65.99,high,low,7,namesilo,,,
bfc93a9a-c95a-447c-8064-3f9484fd23b1,whom.tennis,available,65.99,65.99,medium,low,4,namesilo,,,
f683c6d1-862b-4125-a9aa-76a64cc70ff2,come.tennis,available,65.99,65.99,high,low,4,namesilo,,,
4f535e93-1932-441b-bde8-d87c3f0b321e,crap.tennis,available,65.99,65.99,high,low,4,namesilo,,,
1bea7a22-6cb4-4fe4-80c0-81a96922f700,eat.tennis,available,65.99,65.99,high,low,3,namesilo,,,
90898d84-8232-4385-baa1-ca1d75f14db2,autogenous.tennis,available,67.98,81.98,medium,low,10,namecheap,,,07/08/2026 20:16
d19266a5-ffea-4068-ba4e-6cedb048e17c,specification.tennis,available,65.99,65.99,high,low,13,namesilo,,,
e609ec97-4a1d-402a-bde8-9ea5d4f52ff1,moved.tennis,available,65.99,65.99,high,low,5,namesilo,,,
1971b69c-744c-4d73-9434-841961bcc034,hangout.tennis,available,65.99,65.99,high,low,8,namesilo,,,
f37f8601-9f69-4c6f-9085-321d2520a27e,menu.tennis,available,65.99,65.99,high,low,4,namesilo,,,
5397915d-8b20-4913-ad65-46ab3b27535a,detective.tennis,available,65.99,65.99,high,low,9,namesilo,,,
a3e4d46b-b72e-4d76-a63d-80b999e313ca,seals.tennis,available,65.99,65.99,high,low,5,namesilo,,,
17c801c5-54a5-4fa3-9d1c-808a5cd621ff,untrustworthy.tennis,available,65.99,65.99,medium,low,13,namesilo,,,
0d9bfaa9-64dc-481c-81a1-88df7c612b94,sanctioned.tennis,available,65.99,65.99,high,low,10,namesilo,,,06/08/2026 09:24
a537e49b-e438-44ef-be18-bcd65977a517,daring.tennis,available,65.99,65.99,high,low,6,namesilo,,,07/08/2026 21:39
cf4fbe31-4afd-46a8-81bd-afaef1c27045,panoplied.tennis,available,65.99,65.99,medium,low,9,namesilo,,,06/08/2026 21:42
67176f6f-7edd-41d1-8e11-242604922011,argentic.tennis,available,67.98,81.98,medium,low,8,namecheap,,,06/08/2026 18:06
1c025da9-e0e6-4ec4-9ea9-60db45704ac9,closer.tennis,available,65.99,65.99,high,low,6,namesilo,,,
85e62276-cb20-4c79-af9a-6a5cccd097f9,history.tennis,available,65.99,65.99,high,low,7,namesilo,,,
099ecc56-3f26-4c4d-b806-ee8847a2862f,antemortem.tennis,available,65.99,65.99,medium,low,10,namesilo,,,
c243938d-f082-4ead-b7a6-79ccd4f47d1e,pussy.tennis,available,65.99,65.99,high,low,5,namesilo,,,
7ce4ee8b-e06b-4dd0-a90f-43d0b3c33513,coffin.tennis,available,65.99,65.99,medium,low,6,namesilo,,,
e522e34e-6fc7-4beb-8938-9ee7ebf2770d,allotted.tennis,available,65.99,65.99,high,low,8,namesilo,,,
6a4d7f2b-eb5f-4bc6-b34d-6b7ca9f6a7b9,babe.tennis,available,65.99,65.99,high,low,4,namesilo,,,
ed6a3df7-7f6c-49fc-b45e-701a2d1e16c5,newspaper.tennis,available,65.99,65.99,high,low,9,namesilo,,,
ca544475-1635-4b4e-a7c3-e02aa72376f4,outing.tennis,available,65.99,65.99,high,low,6,namesilo,,,
fd2a75c8-6d2d-4d27-9d24-8a39a839bc93,psycho.tennis,available,65.99,65.99,high,low,6,namesilo,,,
d7b3463a-cca1-4d97-a38d-7a9900f6e662,theme.tennis,available,65.99,65.99,high,low,5,namesilo,,,
07b9f583-2de8-449f-b5f4-3bf7b2a40464,seemly.tennis,available,65.99,65.99,medium,low,6,namesilo,,,09/08/2026 06:27
02fb1025-1752-41ed-a9de-d612f997c73e,compensate.tennis,available,80.99,,high,low,10,name.com,,,
4cc54505-ba0c-4461-9713-2289acdc1f4d,anyone.tennis,available,80.99,,high,low,6,name.com,,,
3c07a44b-a250-4da0-9b08-acd2ce8bb370,unwell.tennis,available,67.98,81.98,high,low,6,namecheap,,,
6efcc5da-a9ee-404a-bd70-6e2c9460d340,cry.tennis,available,65.99,65.99,high,low,3,namesilo,,,
a0c96050-d371-4357-aa5f-05f727a46e51,loving.tennis,available,65.99,65.99,high,low,6,namesilo,,,
d547679c-8193-4a25-b1c7-79e809b64f38,length.tennis,available,65.99,65.99,high,low,6,namesilo,,,
91110340-248f-49f3-aa14-ecbc0ab7a0e4,sets.tennis,available,65.99,65.99,high,low,4,namesilo,,,
9331541b-c0c8-437f-87ac-81028d1e00d4,youngest.tennis,available,65.99,65.99,high,low,8,namesilo,,,
f5cbd93a-a22b-46ff-b2b3-6f44439bf89a,anecdotal.tennis,available,65.99,65.99,high,low,9,namesilo,,,
ef1e7e3b-e806-47f4-bc84-0ad3863ddad9,abdicable.tennis,available,65.99,65.99,medium,low,9,namesilo,,,
0b353fad-90f8-4d66-94b9-c41f3dafbdf5,allergist.tennis,available,65.99,65.99,high,low,9,namesilo,,,
32fe07c5-5e94-49a4-9929-e0f78c2c176f,brow.tennis,available,80.99,,high,low,4,name.com,,,
b0cf7b35-3fc1-4575-b295-add75c2789d0,worth.tennis,available,65.99,65.99,high,low,5,namesilo,,,
0bad2c7c-78f6-4d96-992a-4abca7fc8ca1,beyond.tennis,available,65.99,65.99,high,medium,6,namesilo,,,24/09/2026 08:26
b346fd6d-6db8-4729-8a24-f909e6d39f95,boxers.tennis,available,80.99,,high,low,6,name.com,,,
42e40e21-cf7b-4d8b-b932-def72391031c,appropriately.tennis,available,80.99,,medium,low,13,name.com,,,
cfe2fb96-7eb5-4d78-90a3-34e5f078fc28,appointed.tennis,available,65.99,65.99,high,low,9,namesilo,,,06/08/2026 07:21
a2564fa0-c6fa-4830-ad7f-442c46ef655b,transparency.tennis,available,65.99,65.99,high,low,12,namesilo,,,
d9533384-bb40-4af9-a234-97a84da45fd8,banging.tennis,available,65.99,65.99,high,low,7,namesilo,,,08/08/2026 13:03
49e00b6c-fe08-47e8-a3bd-14d8d7e08757,fauna.tennis,available,65.99,65.99,high,low,5,namesilo,,,
5bed32af-31bd-4111-af97-e8688a6e11aa,walk.tennis,available,65.99,65.99,high,low,4,namesilo,,,
2280f2dc-d98c-466c-96ee-b1fe4c5d5101,ameboid.tennis,available,65.99,65.99,medium,low,7,namesilo,,,
a82b00a9-a8dc-40b0-9c9d-d748520a172c,foreign.tennis,available,65.99,65.99,high,low,7,namesilo,,,
76553da6-9d4b-450b-94cc-7ffc9532b3fe,friend.tennis,available,65.99,65.99,high,low,6,namesilo,,,
44779e46-3aac-4604-9d15-f2f87d180df2,often.tennis,available,80.99,,high,low,5,name.com,,,
6aa9787a-b109-47c0-b898-6ad0ed37503e,complicated.tennis,available,65.99,65.99,high,low,11,namesilo,,,
830ccfea-1859-4be0-98b6-93334048209f,enlighten.tennis,available,65.99,65.99,high,low,9,namesilo,,,
8b87cbad-7908-42f2-88f7-ce647ced221c,simpler.tennis,available,65.99,65.99,high,low,7,namesilo,,,
4ed62fc8-2d86-4bb3-8ee7-18f25f2ad4e6,rid.tennis,available,65.99,65.99,high,low,3,namesilo,,,
7c15a026-62e1-40ac-91e9-454268b2d59b,ruled.tennis,available,80.99,,high,low,5,name.com,,,
52534cd6-8bff-4f42-987b-08ceacd6a559,pair.tennis,available,65.99,65.99,high,low,4,namesilo,,,
d6d0a77a-91bd-4b41-b99a-bfaf1c821085,ape.tennis,available,65.99,65.99,high,low,3,namesilo,,,
06f5c948-9652-4781-b7ad-a6fe9d61c849,asocial.tennis,available,65.99,65.99,medium,low,7,namesilo,,,07/08/2026 04:36
18343fbc-4086-4719-aa2d-d19b0b689503,exactly.tennis,available,65.99,65.99,high,low,7,namesilo,,,
e9a398fa-a386-4f58-b161-07df66d832fe,mills.tennis,available,80.99,,high,low,5,name.com,,,
308bab67-eada-4ca3-8682-a5b6c5e48c2f,jasmine.tennis,available,65.99,65.99,high,low,7,namesilo,,,08/09/2026 14:04
a2ec3a3d-873b-48d1-8947-061afecee8dd,acinose.tennis,available,65.99,65.99,medium,low,7,namesilo,,,
bf4b9eef-806d-4753-8f34-fc60e6a8f98f,kitschy.tennis,available,65.99,65.99,medium,low,7,namesilo,,,09/08/2026 00:53
5bf591ad-f474-4601-9ab8-ca9807e89005,capitalise.tennis,available,65.99,65.99,high,low,10,namesilo,,,
c0f0183e-4213-4f67-b7d8-88f7e0f928e1,rake.tennis,available,65.99,65.99,high,low,4,namesilo,,,
15033ef2-1f9a-43b2-8968-84e340923f8b,accoutered.tennis,available,65.99,65.99,medium,low,10,namesilo,,,
50d843ba-3246-4297-814e-2c8e14a8e4c5,median.tennis,available,65.99,65.99,high,low,6,namesilo,,,
680cb5ad-e8dc-48d1-b437-6b1f175c7e7f,rare.tennis,available,65.99,65.99,high,medium,4,namesilo,,,
f4eba410-0b90-4e8a-bfdf-32e22c6b2841,groups.tennis,available,65.99,65.99,high,low,6,namesilo,,,
eb3eaba9-14e6-4a8d-b4dd-7d04cfc272b8,difficulty.tennis,available,65.99,65.99,high,low,10,namesilo,,,
fbed1aaa-8766-47d5-892f-d23c1d0b4f60,bidens.tennis,available,65.99,65.99,high,low,6,namesilo,,,
9a985b9b-6283-40f8-9581-ec5c9faeea26,vegetable.tennis,available,65.99,65.99,high,low,9,namesilo,,,
e22169c2-1585-4377-bbe5-1787a8e7ee75,souse.tennis,available,65.99,65.99,medium,low,5,namesilo,,,
0a8d1d2d-8e8d-473b-9714-c6d4727ef2b0,impression.tennis,available,65.99,65.99,high,low,10,namesilo,,,
bc56cc58-30f9-4bf5-8f25-c6b5302f0cdd,abloom.tennis,available,65.99,65.99,medium,low,6,namesilo,,,
554beff7-4112-4a3e-83b2-d95ba8eb7135,propagated.tennis,available,65.99,65.99,medium,low,10,namesilo,,,
92bac057-86df-4eb0-92dc-c2f2f65ded44,arterial.tennis,available,65.99,65.99,high,low,8,namesilo,,,06/08/2026 22:29
f3e87506-b0eb-41be-b10b-b4bc711d9ead,shy.tennis,available,65.99,65.99,high,low,3,namesilo,,,
fa8899ca-9e74-48da-b563-b9a624cda5c6,buzzing.tennis,available,65.99,65.99,high,low,7,namesilo,,,
1158ba70-e519-4ecf-ace6-539635a1e097,dictator.tennis,available,65.99,65.99,high,low,8,namesilo,,,07/08/2026 19:17
33c5faa8-c118-4ab0-990b-9d613290c60c,consumer.tennis,available,65.99,65.99,high,low,8,namesilo,,,
d7ce3d1f-8f87-4ba8-9746-5f451932fee4,veteran.tennis,available,65.99,65.99,high,low,7,namesilo,,,
f6409bfe-e9c0-4cc4-bf9f-f4f7f473add8,twine.tennis,available,65.99,65.99,high,low,5,namesilo,,,
1f9b0d84-a602-4f75-8a99-7cc43e443c6a,ropes.tennis,available,65.99,65.99,high,low,5,namesilo,,,
d71c6c4b-09aa-4b0a-94d2-4fc9a17dc946,husky.tennis,available,,,high,low,5,,,,
51e306d0-78f7-460b-ab69-036404cec14d,success.tennis,available,65.99,65.99,high,low,7,namesilo,,,
acff5a48-f93a-4d3e-b8a3-7fcfa5b2561a,anglican.tennis,available,65.99,65.99,high,low,8,namesilo,,,
e19d4aba-cb1a-4268-861b-4578cf975447,carnal.tennis,available,65.99,65.99,high,low,6,namesilo,,,
5ac80e6f-69ed-4ec2-89d5-c4fa030a6144,autarkic.tennis,available,65.99,65.99,medium,low,8,namesilo,,,07/08/2026 18:47
70e01180-cc8f-42f0-a45a-fce73c5154e9,greg.tennis,available,65.99,65.99,high,low,4,namesilo,,,
0e583fff-6b13-47c2-8c65-7e971877d89b,expire.tennis,available,80.99,,high,low,6,name.com,,,
761e5181-7e2a-4001-a94c-e37cf32c3ca0,opposable.tennis,available,65.99,65.99,medium,low,9,namesilo,,,06/08/2026 07:43
dff66a9f-5df6-47f7-a2ba-44777e576f88,amuck.tennis,available,65.99,65.99,medium,low,5,namesilo,,,
310e8b34-6291-47a2-bb60-53f5e75253d2,muffin.tennis,available,65.99,65.99,high,low,6,namesilo,,,
9a34a678-33c5-4e72-a017-ab211b34587a,potential.tennis,available,65.99,65.99,high,low,9,namesilo,,,
dddcce87-1089-43d0-843b-70272e29f714,daddy.tennis,available,65.99,65.99,high,low,5,namesilo,,,
ef773e3e-2255-4027-8893-21e45ab52d64,affixal.tennis,available,65.99,65.99,medium,low,7,namesilo,,,
ac8101fd-0283-488c-846d-efa7a9ce416f,jan.tennis,available,65.99,65.99,high,low,3,namesilo,,,
852a02e7-d1d3-4d64-8c9b-f3b617bdeaba,floor.tennis,available,65.99,65.99,high,low,5,namesilo,,,08/09/2026 02:52
6e6574b8-4f2b-46a2-b827-1a35ababeaa2,kangeroo.tennis,available,65.99,65.99,high,low,8,namesilo,,,
b60d78e4-a26f-4446-b745-e6bc2e40bb16,class.tennis,available,80.99,,high,low,5,name.com,,,
aca6dc07-7abf-4c58-8cad-4b4c513c82cd,laid.tennis,available,65.99,65.99,high,low,4,namesilo,,,
68277891-0fff-4d37-bbdd-b431c3201adb,ingenuous.tennis,available,65.99,65.99,medium,low,9,namesilo,,,06/08/2026 23:41
0e63bc7f-2658-4901-9446-fd332aa45dc8,assured.tennis,available,65.99,65.99,high,low,7,namesilo,,,07/08/2026 08:21
a7b83ded-a580-49a6-a3b7-0061e7f41717,award.tennis,available,65.99,65.99,high,low,5,namesilo,,,
5179b656-7797-42a5-b099-48245e572ffa,fake.tennis,available,65.99,65.99,high,low,4,namesilo,,,08/08/2026 23:02
267ba038-1a71-44db-b2c5-7652b6d6be45,spanish.tennis,available,65.99,65.99,high,low,7,namesilo,,,
24cb2cf3-836a-4613-ad85-f548a70ebfc8,implied.tennis,available,65.99,65.99,high,low,7,namesilo,,,
1bbc5328-5972-4d75-acf3-be2dc142b9ee,atlantic.tennis,available,65.99,65.99,high,low,8,namesilo,,,07/08/2026 13:38
3c09dd90-4db3-4d7d-8c3e-eed7959e4212,almost.tennis,available,65.99,65.99,high,low,6,namesilo,,,
73807a94-0dbc-4c30-8c19-8ca79dd09197,sweat.tennis,available,65.99,65.99,high,low,5,namesilo,,,
5671a947-8a62-4cff-815c-5a3c199f58e6,quantities.tennis,available,65.99,65.99,medium,low,10,namesilo,,,
2dc1db48-6974-402a-8c73-051c81a52762,purposes.tennis,available,65.99,65.99,medium,low,8,namesilo,,,
03ec3e1a-a04f-4f9e-8f27-66ba280b059a,rep.tennis,available,65.99,65.99,high,low,3,namesilo,,,
b052053a-23bb-41a6-9771-8653f362ec3f,timer.tennis,available,80.99,,high,low,5,name.com,,,
824fc40f-20f9-4f15-80a3-d5187d7531a0,theirs.tennis,available,80.99,,medium,low,6,name.com,,,
4da7bf9d-abbc-4a02-8f8c-f5cf79c277d1,seafood.tennis,available,65.99,65.99,high,low,7,namesilo,,,08/09/2026 02:47
4d94b4ed-bdaa-41fc-8ead-20b71cdeccae,cell.tennis,available,65.99,65.99,high,low,4,namesilo,,,
477b2457-e444-4bb2-9142-43c7fe40ca8d,sidelong.tennis,available,65.99,65.99,medium,low,8,namesilo,,,07/08/2026 03:26
89e207d8-d4ce-4097-b913-26ea553ae6eb,flew.tennis,available,65.99,65.99,high,low,4,namesilo,,,
1cb4793a-5284-48f1-bc40-f0cbc5f3040a,bantu.tennis,available,65.99,65.99,medium,low,5,namesilo,,,08/08/2026 14:50
0f57da74-a423-4358-8e5a-b433526b07f1,acoustical.tennis,available,65.99,65.99,medium,low,10,namesilo,,,
e018934b-774f-4b83-a5c9-93792544af41,jimmy.tennis,available,65.99,65.99,high,low,5,namesilo,,,
69a303a9-79fe-4a96-aa88-d0b4cf4b235c,extempore.tennis,available,67.98,81.98,high,low,9,namecheap,,,
d8a84e36-710c-4398-895c-a7e6cf404fd1,glass.tennis,available,65.99,65.99,high,low,5,namesilo,,,
ea90fe58-1afb-4ad4-8e97-b2c11fb27cc7,superman.tennis,available,65.99,65.99,high,low,8,namesilo,,,
82beb84e-fa4c-42ca-bb9c-f8500e82b0c5,baseborn.tennis,available,65.99,65.99,low,low,8,namesilo,,,08/08/2026 21:34
f02b45bf-d99a-45c8-89e8-8eb97f833663,transitions.tennis,available,65.99,65.99,medium,low,11,namesilo,,,
7a12e4d7-ae0a-4f82-b548-b60897495222,ternary.tennis,available,65.99,65.99,high,low,7,namesilo,,,
dfdd049e-6f4d-49a2-bfb9-4600c3582ac4,articled.tennis,available,65.99,65.99,medium,low,8,namesilo,,,06/08/2026 08:28
d2b2b0ff-2a26-47c2-a19e-b949e3136460,memorise.tennis,available,65.99,65.99,high,low,8,namesilo,,,
2d738e29-f676-4226-8d71-be1de88f0f17,least.tennis,available,65.99,65.99,high,low,5,namesilo,,,
741f5abc-94c2-4ef3-a8df-a1721f7c1910,diversity.tennis,available,65.99,65.99,high,low,9,namesilo,,,
15909e63-8c3f-4257-a5b4-3ea74b7943bb,without.tennis,available,80.99,,high,low,7,name.com,,,
5a2f69b5-34b5-48f9-b9f8-4d0048821355,possibly.tennis,available,80.99,,high,low,8,name.com,,,
22482696-6f4f-405d-a877-66d35060de91,anodic.tennis,available,65.99,65.99,high,low,6,namesilo,,,
950aee73-8842-4a66-b635-c9accf6d2451,insolvent.tennis,available,65.99,65.99,medium,low,9,namesilo,,,08/08/2026 13:34
7830120e-6bee-4537-bbd0-49c746c2c205,xlvi.tennis,available,65.99,65.99,medium,low,4,namesilo,,,
6f3f4135-0e54-4cde-b9a0-2089e068a0fa,chore.tennis,available,65.99,65.99,high,low,5,namesilo,,,
69bc2e00-0797-4a28-816b-f319fcbe860a,chiliad.tennis,available,,,medium,low,7,,,,
b5e37a2f-07df-42ad-a524-ea8ecca145d5,extraordinary.tennis,available,80.99,,high,low,13,name.com,,,
042b2ef4-6ac9-4219-a83e-a5a55d9fee27,charleston.tennis,available,65.99,65.99,high,low,10,namesilo,,,
9ae6a25a-259b-4453-915c-bf39d21d6aa2,outer.tennis,available,65.99,65.99,high,low,5,namesilo,,,
4c53c481-c5a5-4d6b-8ffb-02ea3bd1975c,represent.tennis,available,65.99,65.99,high,low,9,namesilo,,,
4bbeb26f-7e0d-492d-a8df-eebcdb78c6a6,implying.tennis,available,65.99,65.99,high,low,8,namesilo,,,
b24bf1a0-2f0a-42f1-b663-4d2245d50629,divers.tennis,available,65.99,65.99,high,low,6,namesilo,,,
5e0709b9-4dfc-46a4-8794-952d395f6246,threat.tennis,available,80.99,,high,low,6,name.com,,,
c613928c-bae8-4c1e-995e-5897012792e0,omega.tennis,available,,,high,low,5,,,,
a7d77142-9a07-43cd-a2c8-4bd00a5f7a9c,parallel.tennis,available,65.99,65.99,high,low,8,namesilo,,,
21a0bf53-3729-4c73-8609-57ee7c5ce27f,came.tennis,available,65.99,65.99,high,low,4,namesilo,,,
eed016d2-2d06-4ae2-baf7-1e8ac4c44f45,steer.tennis,available,65.99,65.99,high,low,5,namesilo,,,
75523b5d-e097-4674-9685-03c7edec4e51,supersize.tennis,available,65.99,65.99,high,low,9,namesilo,,,
0c7cfc93-0f16-4387-bf82-8cea3368d889,obscure.tennis,available,65.99,65.99,high,low,7,namesilo,,,05/08/2026 21:59
c8ad49d0-d80d-4e6f-9fcc-b3c32ffc3a42,info.tennis,premium,118.8,118.8,high,medium,4,namesilo,,,
b55aa623-15c0-4b5f-95c4-036e55e59364,offspring.tennis,available,65.99,65.99,high,low,9,namesilo,,,
b03e12a9-a8de-440b-92dc-3d0996dff30b,laborer.tennis,available,65.99,65.99,high,low,7,namesilo,,,
4adfa024-8ed5-4b60-9a2d-9594c970d355,inexpensive.tennis,available,65.99,65.99,high,low,11,namesilo,,,
b0985c4b-3cfb-4dd2-a655-9d6f8badb874,squint.tennis,available,65.99,65.99,high,low,6,namesilo,,,07/08/2026 03:15
2b832cf1-c6bd-4e83-a8d8-f2697a48f094,agrarian.tennis,available,67.98,81.98,high,low,8,namecheap,,,
47d1d96b-8b15-4162-9d4e-db0ec222cc18,valued.tennis,available,65.99,65.99,high,low,6,namesilo,,,
5ae6638f-256d-4998-817a-2cc0c347e2c0,bus.tennis,available,65.99,65.99,high,low,3,namesilo,,,
752678c5-9786-409c-bee1-d3cd3fb925cd,stock.tennis,available,65.99,65.99,high,medium,5,namesilo,,,
b5ca9641-e454-4691-bdf6-8f73af0c9de0,restriction.tennis,available,65.99,65.99,high,low,11,namesilo,,,
be4794fe-d743-4523-9a71-3e3958137ebc,antithetic.tennis,available,65.99,65.99,medium,low,10,namesilo,,,05/08/2026 19:49
f7b49492-e3b2-4cb8-a859-8f0f40fb6be1,faith.tennis,available,65.99,65.99,high,low,5,namesilo,,,
01cacabb-d7ec-49d9-9c21-6a4bb8416f89,belated.tennis,available,65.99,65.99,medium,low,7,namesilo,,,09/08/2026 12:37
2bb807ed-b8b0-49fb-bf2a-9a75e7413287,razor.tennis,available,65.99,65.99,high,low,5,namesilo,,,
71117548-1b2f-48e7-9a31-3f449c289fbc,thoughtless.tennis,available,65.99,65.99,medium,low,11,namesilo,,,
4a1ced64-42c5-423c-a2d7-fa484ea67cc8,dedicate.tennis,available,65.99,65.99,high,low,8,namesilo,,,
37b07ce7-b32b-4640-bcc3-7a62ee0d2b65,ambrosial.tennis,available,65.99,65.99,medium,low,9,namesilo,,,
afb3b704-f74c-4daf-9de0-5361c9c007ce,schneider.tennis,available,65.99,65.99,high,low,9,namesilo,,,
4291198d-d9fd-40e5-99f4-9194513312a4,bathe.tennis,available,65.99,65.99,high,low,5,namesilo,,,
a0eb4ec2-731f-4809-8c84-129cbab5d3f8,union.tennis,available,65.99,65.99,high,low,5,namesilo,,,
69e74020-c021-4bb1-a4a8-8bd0770ddb53,gulf.tennis,available,65.99,65.99,high,low,4,namesilo,,,
45e99978-42fe-4052-a208-ef6fa74d36ba,abounding.tennis,available,65.99,65.99,high,low,9,namesilo,,,
91a1febf-a236-417a-b6bc-193c46315738,ring.tennis,available,65.99,65.99,high,low,4,namesilo,,,
6f1d6677-de96-44bb-a026-d17ecfea9423,spheric.tennis,available,65.99,65.99,medium,low,7,namesilo,,,08/08/2026 10:16
34d54e98-8630-48ba-9e44-58d49c94f69c,whiskered.tennis,available,65.99,65.99,medium,low,9,namesilo,,,08/08/2026 16:15
cded91cf-7c7a-417f-ab4f-c65a4a1a5b88,exposure.tennis,available,65.99,65.99,high,low,8,namesilo,,,08/09/2026 13:44
d07e10a8-d4b6-4e00-b2a2-8cf062554510,start.tennis,available,65.99,65.99,high,medium,5,namesilo,,,
c4b6fa1d-a725-4352-995f-7fbba2814443,captive.tennis,available,65.99,65.99,high,low,7,namesilo,,,
094283eb-58a8-437c-b75c-158cd6298ce3,aperiodic.tennis,available,65.99,65.99,medium,low,9,namesilo,,,05/08/2026 22:30
51e6a892-86ee-4a1a-8671-255e570d3505,employ.tennis,available,65.99,65.99,high,low,6,namesilo,,,08/09/2026 13:39
b03a4764-b7f3-472d-b5c9-940c8191308a,vexatious.tennis,available,,,medium,low,9,,,,
a4a0771b-87be-4c85-96b0-e724a66f8858,dislike.tennis,available,65.99,65.99,high,low,7,namesilo,,,
0500d1a8-4b7a-4d42-9a90-80948b027791,reminder.tennis,available,65.99,65.99,high,low,8,namesilo,,,
8a6a51f5-3fcd-482a-9b09-46279c885294,digits.tennis,available,65.99,65.99,high,low,6,namesilo,,,
70e4970f-e914-4698-8694-1c218080b397,panic.tennis,available,65.99,65.99,high,low,5,namesilo,,,
bc3ad91f-a90d-4ec8-8458-9cc8e9a39f59,hook.tennis,available,65.99,65.99,high,low,4,namesilo,,,
37220879-2f57-4691-bdb8-b4178f978a80,uproar.tennis,available,80.99,,high,low,6,name.com,,,
06fe6720-81ef-42e7-a76b-fd04cb818119,ablated.tennis,available,65.99,65.99,medium,low,7,namesilo,,,
fa3aa6d3-8d07-48c8-a026-52c58d4988ca,burry.tennis,available,65.99,65.99,medium,low,5,namesilo,,,08/08/2026 17:29
cadfc236-0ed4-4db3-adec-9b25b27ae15f,exhaustion.tennis,available,80.99,,medium,low,10,name.com,,,
df54bcb7-bc0c-42e4-9280-4167c5941b8e,orbicular.tennis,available,65.99,65.99,medium,low,9,namesilo,,,08/08/2026 10:11
2c3b3a52-1680-46d9-96f2-f8bb64c65ffc,queen.tennis,available,65.99,65.99,high,low,5,namesilo,,,
98c6538d-803d-4846-bceb-bffd77292407,gun.tennis,available,65.99,65.99,high,low,3,namesilo,,,
2bb56403-1bdd-4d33-bdbb-25cd1c5d0a33,fence.tennis,available,65.99,65.99,high,low,5,namesilo,,,
007928ef-1a18-4d1a-8f77-684c8b51f548,pungent.tennis,available,67.98,81.98,high,low,7,namecheap,,,
c2496784-ba82-4a87-81d1-203938f9f42a,laundry.tennis,available,65.99,65.99,high,low,7,namesilo,,,
a0f45df0-1c62-4de7-8d95-ce1b22ea69e0,mecca.tennis,available,65.99,65.99,high,low,5,namesilo,,,
68a98783-e116-4316-b1b1-070fe4b7586f,paternal.tennis,available,65.99,65.99,high,low,8,namesilo,,,
b482f1d2-b8bd-40e5-b5aa-98274d496aeb,hammer.tennis,available,65.99,65.99,high,low,6,namesilo,,,
66967873-790c-4b9c-afa4-e3dc261d1b73,dollar.tennis,available,65.99,65.99,high,low,6,namesilo,,,
2310c53d-6b80-4f50-a404-08d51ff021cf,clxxx.tennis,available,65.99,65.99,medium,low,5,namesilo,,,
7d2803ca-9730-4632-bb05-f111ca6790f3,silvery.tennis,available,67.98,81.98,high,low,7,namecheap,,,06/08/2026 17:56
392d6609-1e64-48ce-8d72-c735f39374f3,roast.tennis,available,80.99,,high,low,5,name.com,,,
74979f87-9162-4d82-9cd9-10eb271e6157,ganja.tennis,available,65.99,65.99,high,low,5,namesilo,,,
4eaf3978-3f0a-4237-8281-ae7225c2491a,beer.tennis,available,65.99,65.99,high,low,4,namesilo,,,
532a8a4b-1b7e-4dc7-a525-e1a42b113d15,cameroon.tennis,available,,,high,low,8,,,,
daf2f2b2-9456-498e-aecc-79c6028fc29e,will.tennis,available,65.99,65.99,high,medium,4,namesilo,,,
e6439a86-9eac-4ad6-8dc1-084c9f8a88db,dives.tennis,available,65.99,65.99,high,low,5,namesilo,,,
a129f7b8-1cd8-4b1a-bce9-b137bb19a0d2,xci.tennis,available,67.98,81.98,medium,low,3,namecheap,,,
5c348357-8616-4e1a-bbd1-91e84fada3ec,grandson.tennis,available,80.99,,high,low,8,name.com,,,
c25b4981-4650-4d4d-9f28-60104cc07e12,enwrapped.tennis,available,65.99,65.99,medium,low,9,namesilo,,,
104c3105-04b6-447b-b40e-fe5a542b5c4c,adagio.tennis,available,65.99,65.99,high,low,6,namesilo,,,
15b2a838-b183-4edb-8e9e-043d6c93744f,arid.tennis,available,67.98,81.98,high,low,4,namecheap,,,06/08/2026 18:58
6c9daaf0-fb9b-466b-baf9-481831763462,definition.tennis,available,65.99,65.99,high,low,10,namesilo,,,
005f2407-045d-49db-bab3-0c5619c55cd8,associate.tennis,available,65.99,65.99,high,low,9,namesilo,,,07/08/2026 06:50
8ba2681d-61b9-4cb3-bc4e-206da1958479,valuable.tennis,available,65.99,65.99,high,low,8,namesilo,,,
b4b4fbda-e0d3-4ccb-a94f-cfb56d663279,awed.tennis,available,65.99,65.99,high,low,4,namesilo,,,08/08/2026 00:44
5d96fd75-0b4d-4ec0-8791-215f3e5c9c36,indate.tennis,available,65.99,65.99,medium,low,7,namesilo,,,
c9ba9dad-e8df-4430-bbe3-51709328abe6,kooky.tennis,available,67.98,81.98,high,low,5,namecheap,,,06/08/2026 21:04
377c4916-f443-436e-86eb-941ea5b7a55d,wordplay.tennis,available,65.99,65.99,high,low,9,namesilo,,,
152be54d-fbf7-4b6e-9e33-826071fcc2c8,accessary.tennis,available,65.99,65.99,medium,low,9,namesilo,,,
d6563afb-78cf-4d4b-89cc-98122f707669,armada.tennis,available,65.99,65.99,high,low,6,namesilo,,,
85c98bc9-59f3-40a3-85cd-4f5533811e5a,shrimp.tennis,available,80.99,,high,low,6,name.com,,,
256a8808-86da-4e3b-9055-cf901db63c00,discuss.tennis,available,65.99,65.99,high,low,7,namesilo,,,
af68f073-8c13-448e-a4c2-6a2bef9a5e45,aegean.tennis,available,65.99,65.99,high,low,6,namesilo,,,
0cd8427e-5820-424d-aa4b-46851c1a48a0,apparel.tennis,available,80.99,,high,low,7,name.com,,,
445c0287-cbcc-409d-8029-36cc7f9afd2f,lxi.tennis,available,65.99,65.99,medium,low,3,namesilo,,,
9c3fc1a8-ad02-458f-8eb8-242f5bd51580,briefcase.tennis,available,80.99,,high,low,9,name.com,,,
6f16b0a4-5ed9-4dd3-bf5d-e188a7a298d1,selfworth.tennis,available,65.99,65.99,high,low,10,namesilo,,,
adfe2587-98a1-49b1-ae39-169a5c50ef33,dishwasher.tennis,available,65.99,65.99,high,low,10,namesilo,,,
9ac1d5de-d5f7-4de9-84ec-45e71f5a0499,physic.tennis,available,65.99,65.99,high,low,6,namesilo,,,05/08/2026 22:25
cd0d3857-5304-4457-9bca-4626df188ffc,family.tennis,premium,118.8,118.8,high,medium,6,namesilo,,,
c82b9436-a229-4e21-8dee-49ce5e88326d,peeled.tennis,available,65.99,65.99,medium,low,6,namesilo,,,08/08/2026 18:24
fb37efbd-ffa3-4ba1-bb0c-f109ed15ffde,delight.tennis,available,65.99,65.99,high,low,7,namesilo,,,
7e6316e1-e4c4-48d3-bd9e-6567a5484773,pirate.tennis,available,65.99,65.99,high,low,6,namesilo,,,
569e3d51-8887-4db6-9716-a5d180ed929f,higher.tennis,available,65.99,65.99,high,low,6,namesilo,,,
56040461-fea8-4e5d-af11-b4ca4bc9ac85,storyteller.tennis,available,80.99,,high,low,11,name.com,,,
17e375fe-d08e-46b1-a78f-0540e7d27c89,antlered.tennis,available,65.99,65.99,medium,low,8,namesilo,,,05/08/2026 20:11
f1cf1303-4ef3-493a-b924-bd80d0a8d4a9,when.tennis,available,65.99,65.99,high,low,4,namesilo,,,
8f471a79-88d2-4121-b15a-f1d8e3e2614c,jabber.tennis,available,65.99,65.99,high,low,6,namesilo,,,
4cb388dd-96b4-4ac1-aac9-2021f9b6a245,pollen.tennis,available,65.99,65.99,high,low,6,namesilo,,,
a9fabb25-fa55-4d70-89c9-7a920a1d5de0,andantino.tennis,available,65.99,65.99,medium,low,9,namesilo,,,
d78450f3-5055-43f8-b258-e09684e4175e,published.tennis,available,65.99,65.99,high,low,9,namesilo,,,
3e599c95-6b86-4241-bb03-231db0a093c5,bravo.tennis,available,,,high,low,5,,,,
814c170e-23c0-4974-a76e-935e5ddeb03a,volcano.tennis,available,65.99,65.99,high,low,7,namesilo,,,
ebef68c4-88f3-47fc-8d91-07e05eb55c01,confess.tennis,available,65.99,65.99,high,low,7,namesilo,,,
b7919954-61c9-43c0-801f-f2a62d18410e,endemic.tennis,available,65.99,65.99,high,low,7,namesilo,,,07/08/2026 19:26
0ba35f3e-e46d-4042-867b-8c624d32ade7,sip.tennis,available,65.99,65.99,high,low,3,namesilo,,,
e540c52a-21fa-4a37-8e51-5ae180051fd9,standing.tennis,available,65.99,65.99,high,low,8,namesilo,,,
66844a7c-b44c-4364-bcfc-7c1b82d2b774,khakis.tennis,available,65.99,65.99,high,low,6,namesilo,,,
8861235c-0bd7-4aa0-9097-4705914fa58a,speedup.tennis,available,65.99,65.99,high,low,8,namesilo,,,
b3fc62fe-8451-4956-a8fa-78760f278cb1,nicki.tennis,available,65.99,65.99,high,low,5,namesilo,,,
084ec04a-34e0-4955-8502-ac196d3b0a17,characteristic.tennis,available,80.99,,high,low,14,name.com,,,
db958ade-647e-474a-bfb4-2986975ec602,basket.tennis,available,65.99,65.99,high,low,6,namesilo,,,
d11e8646-2357-4d6d-881e-a2cd599ee970,audi.tennis,available,,,high,low,4,,,,
75d81bfd-93dc-4e2a-b665-5b2cd218c0fd,picked.tennis,available,65.99,65.99,high,low,6,namesilo,,,
ac907d74-c7d3-427a-8b1a-a32f8439a682,aramaic.tennis,available,65.99,65.99,high,low,7,namesilo,,,06/08/2026 12:13
645a8807-743b-4efe-9164-bc53d69cee16,use.tennis,available,65.99,65.99,high,low,3,namesilo,,,
1cacabf1-46f0-4dfb-ad64-185ee2eeb023,nan.tennis,available,80.99,,high,low,3,name.com,,,
953865de-9914-42ad-a389-fc40455394c7,mount.tennis,available,65.99,65.99,high,low,5,namesilo,,,
447d38c0-9597-4575-aad5-5a921196993b,identifier.tennis,available,65.99,65.99,high,low,10,namesilo,,,
9eaf2fda-dbe0-40ac-a19c-7e0c7c0cc919,apoplectic.tennis,available,65.99,65.99,medium,low,10,namesilo,,,06/08/2026 03:29
c7d64131-ec50-421a-9278-e1060e1900af,stick.tennis,available,65.99,65.99,high,low,5,namesilo,,,
f899be2d-497a-472e-b37e-cdfccb5f0a81,cleaner.tennis,available,65.99,65.99,high,low,7,namesilo,,,
be0cee59-2a81-4684-903d-e1cbfac589f4,injure.tennis,available,65.99,65.99,high,low,6,namesilo,,,
60427145-bf35-4199-bb55-54f4380b3441,expression.tennis,available,65.99,65.99,high,low,10,namesilo,,,
b951a7bc-73e5-4bc6-a79f-5c85d4031a53,christmas.tennis,available,65.99,65.99,high,low,9,namesilo,,,
b3245b99-c5cd-49fa-a5d2-a95e42f59ce8,threatening.tennis,available,65.99,65.99,high,low,11,namesilo,,,
7f2a2e7f-58d7-4818-a357-79bf86f30736,leather.tennis,available,65.99,65.99,high,low,7,namesilo,,,
438139aa-3655-459e-9e69-3cdf0cdbf1f5,swim.tennis,available,65.99,65.99,high,low,4,namesilo,,,
8158f63f-8274-4b8e-bdc8-d27169b6dee1,stopping.tennis,available,80.99,,high,low,8,name.com,,,
b006b6f9-fa5b-4142-b4dc-d70fef3ec122,widely.tennis,available,65.99,65.99,high,low,6,namesilo,,,
ec84f831-bd5c-428c-ad1e-e03e25400247,stating.tennis,available,65.99,65.99,high,low,7,namesilo,,,
a3fbc5fc-983d-4e3c-bd56-3eab896438b6,nectarous.tennis,available,65.99,65.99,medium,low,9,namesilo,,,
96c76b47-9ed3-4980-964c-74cf661d98d8,dignity.tennis,available,65.99,65.99,high,low,7,namesilo,,,
ff60a5e0-5363-4bd5-8b99-77a168b8618e,annoyance.tennis,available,65.99,65.99,high,low,9,namesilo,,,
eec3cd61-4733-4e86-ad92-e75b99f29c4f,sealed.tennis,available,65.99,65.99,high,low,6,namesilo,,,
8ca52136-df80-46d0-9c09-f9f3a8d32de4,sunlight.tennis,available,80.99,,high,low,8,name.com,,,
a343958a-7471-49d5-b15f-5ae94f17a6ba,cinderella.tennis,available,65.99,65.99,high,low,10,namesilo,,,
f062614d-55cb-428b-ad24-b360cad2b9c5,topnotch.tennis,available,65.99,65.99,high,low,8,namesilo,,,
90341a83-2745-49df-aa50-2cb355d26953,frequently.tennis,available,80.99,,high,low,10,name.com,,,
352439c8-b5cb-43a5-9231-2d006508a930,chairperson.tennis,available,65.99,65.99,high,low,11,namesilo,,,
587e39c7-7482-48eb-8cbe-024797e142ba,aery.tennis,available,65.99,65.99,high,low,4,namesilo,,,
022802c0-ab76-44ca-b378-d8256e40f25f,whiteboard.tennis,available,80.99,,high,low,10,name.com,,,
550ccfc9-7da3-4935-868e-4f0d67c17b97,salt.tennis,available,80.99,,high,low,4,name.com,,,
9eaee493-95aa-4e8c-b9a9-d69f009fe2f9,visitor.tennis,available,65.99,65.99,high,low,7,namesilo,,,
7bd53fe0-d045-4cda-a793-c57d3448d985,fact.tennis,available,65.99,65.99,high,low,4,namesilo,,,
504c5e50-3fdd-40eb-bd62-a3f9f7e333a4,showcase.tennis,available,65.99,65.99,high,low,8,namesilo,,,
c4588623-02e8-40e0-b35e-930f9d38e6b1,enhance.tennis,available,65.99,65.99,high,low,7,namesilo,,,
922b03c9-f27c-4b87-9754-06745c345e0d,elusive.tennis,available,65.99,65.99,high,low,7,namesilo,,,08/08/2026 08:07
39ecfb05-7564-433a-99cf-21843f33cdcf,round.tennis,available,65.99,65.99,high,low,5,namesilo,,,09/08/2026 05:09
aae523cb-a85f-485c-8985-759d744ce9c2,seek.tennis,available,65.99,65.99,high,low,4,namesilo,,,
2c71307a-5347-4bca-b044-9dd7282eb4a1,alienated.tennis,available,65.99,65.99,medium,low,9,namesilo,,,
2ad52331-58f0-443d-86a2-84a52ce437b8,acronym.tennis,available,65.99,65.99,high,low,7,namesilo,,,
3f6dec51-1eef-4abd-aa34-3a6b71f7cf09,augean.tennis,available,65.99,65.99,medium,low,6,namesilo,,,07/08/2026 16:54
fba7da30-2dbc-4ed3-949c-f8952db92232,minuscule.tennis,available,65.99,65.99,high,low,9,namesilo,,,
d1c2d205-068e-4a0a-a070-f47b575aa0d2,welfare.tennis,available,65.99,65.99,high,low,7,namesilo,,,08/09/2026 03:13
672d00f2-9024-402e-b66b-238b42f7a5de,cabbage.tennis,available,80.99,,high,low,7,name.com,,,
d5f2ee17-0964-45c7-bfc2-f8e9c5ad0fa4,pink.tennis,available,65.99,65.99,high,low,4,namesilo,,,
08b75126-65ca-4bcf-81b1-32f76e6a2ea1,entirety.tennis,available,65.99,65.99,high,low,8,namesilo,,,
40777cb8-5e92-40f0-a38c-c67f5aafe21d,prototypal.tennis,available,65.99,65.99,medium,low,10,namesilo,,,06/08/2026 15:37
08ab6eb9-8a60-4603-a01c-c5cf1b990d76,streets.tennis,available,65.99,65.99,high,low,7,namesilo,,,
da34c356-063d-44ef-8b00-c5c6ba7ed697,hair.tennis,available,65.99,65.99,high,low,4,namesilo,,,
af05fe55-120a-461a-8c49-be8355757689,chase.tennis,available,,,high,low,5,,,,
2b261891-0277-4feb-ade1-9db9aea1a35d,saddle.tennis,available,65.99,65.99,high,low,6,namesilo,,,
0c5f3da7-1602-4a03-9043-494b36e3d179,abyssal.tennis,available,65.99,65.99,medium,low,7,namesilo,,,
0d54b212-a9c4-40d0-b837-1f3b4bab6061,oxfam.tennis,available,65.99,65.99,high,low,5,namesilo,,,
0bf8a5c3-26ff-4019-a363-2e8bf30179fb,amended.tennis,available,65.99,65.99,high,low,7,namesilo,,,
e3e61844-4c89-482c-b8cc-185c088e9b45,call.tennis,available,65.99,65.99,high,low,4,namesilo,,,
22c95bb0-3501-4544-8062-6c8b56e91a0a,bars.tennis,available,65.99,65.99,high,low,4,namesilo,,,
8592881e-7463-4024-adcf-02c016b25881,cancel.tennis,available,65.99,65.99,high,low,6,namesilo,,,
ccf1d9e7-d30b-4057-a7ba-a940f6bda49d,tillable.tennis,available,65.99,65.99,medium,low,8,namesilo,,,06/08/2026 11:25
9b942d14-91f5-4939-9e11-035541dd6b38,aneroid.tennis,available,65.99,65.99,medium,low,7,namesilo,,,
7bf57002-7439-4894-af0a-22fc82d2faf6,smartphone.tennis,available,65.99,65.99,high,low,10,namesilo,,,
51780190-ef98-48ee-bc48-4ddfc762459c,lucrative.tennis,available,65.99,65.99,high,low,9,namesilo,,,
f28f454b-c61e-4b39-917e-0fd201c85787,lan.tennis,available,65.99,65.99,high,low,3,namesilo,,,
2f755cef-72a1-4f8f-9baf-7d35409f0761,teammate.tennis,available,80.99,,high,low,8,name.com,,,
186fc76b-cbb4-40a8-90e8-3cfddcc87dbb,anaerobic.tennis,available,65.99,65.99,medium,low,9,namesilo,,,
28bacc7b-e55a-4f8f-918d-91bf4cee7d0b,adductive.tennis,available,65.99,65.99,medium,low,9,namesilo,,,
47335b73-1462-4777-a8e2-0047085c3b26,archival.tennis,available,65.99,65.99,high,low,8,namesilo,,,06/08/2026 15:53
749fff6c-8db1-494f-8b6c-160458de2cc5,vincible.tennis,available,65.99,65.99,medium,low,8,namesilo,,,09/08/2026 05:42
69b02edd-7216-4824-a43a-fad76e4a155b,abo.tennis,available,65.99,65.99,high,low,3,namesilo,,,
4327bed8-82cd-4925-8b4b-3b43cfb49a0d,broaden.tennis,available,65.99,65.99,high,low,7,namesilo,,,
9fbb6d1a-3ca6-4da3-8013-7c781d65ec5c,respecting.tennis,available,80.99,,medium,low,10,name.com,,,
3aeb7f52-f333-427a-845c-fe14dd5000af,despotic.tennis,available,67.98,81.98,medium,low,8,namecheap,,,07/08/2026 18:58
2ca1815c-29b8-40f4-8e5e-0edfbe06e2f4,militant.tennis,available,67.98,81.98,high,low,8,namecheap,,,
76b2dd28-6ea4-43eb-a6f2-025f9178cbe8,flexing.tennis,available,80.99,,high,low,7,name.com,,,
d9c47ad3-9563-440f-a328-f9b807876b49,niner.tennis,available,65.99,65.99,high,low,5,namesilo,,,
5561558e-5f0d-4314-99c3-fd18581dd599,nuclear.tennis,available,65.99,65.99,high,low,7,namesilo,,,
35ab4810-238b-4e7f-b76a-850ccb0efed3,phil.tennis,available,65.99,65.99,high,medium,4,namesilo,,,
e57bd774-1554-4827-bee1-da71ac2adfd4,criticize.tennis,available,65.99,65.99,high,low,9,namesilo,,,
56da5edc-202b-4090-a6f1-484dde9d06b6,rebellion.tennis,available,65.99,65.99,high,low,9,namesilo,,,
88924c62-839e-45e3-ac79-6401d16ef8d5,flooring.tennis,available,65.99,65.99,high,low,8,namesilo,,,
773b72e4-8dae-4084-baec-37b51e019a4f,cognisant.tennis,available,65.99,65.99,medium,low,9,namesilo,,,08/08/2026 00:18
084135bb-f477-4287-96a8-df913eb245d2,beatable.tennis,available,65.99,65.99,medium,low,8,namesilo,,,09/08/2026 05:37
6868ed2e-d72d-4619-9937-25696a078dc4,desktop.tennis,available,65.99,65.99,high,low,7,namesilo,,,
b8d70d51-c4ba-4812-99df-563e8a5dffcd,obtain.tennis,available,65.99,65.99,high,low,6,namesilo,,,
daee6795-2a8e-4a09-9b58-e4fd9f230d57,packing.tennis,available,65.99,65.99,high,low,7,namesilo,,,
3faf4493-b44b-4d9e-b2f1-dd19960703ce,hercules.tennis,available,65.99,65.99,high,low,8,namesilo,,,
117ed730-4d3e-4b80-8193-52449a414862,olympia.tennis,available,65.99,65.99,high,low,7,namesilo,,,
8fe9e5a4-5989-4e58-84cb-c60ff174438c,emergency.tennis,available,65.99,65.99,high,low,9,namesilo,,,
01023071-571f-4ed2-9fa9-07492cd199dd,rushing.tennis,available,80.99,,high,low,7,name.com,,,
c47bb591-f1f2-447b-ae2b-2d2cb57c5cd8,bag.tennis,available,65.99,65.99,high,low,3,namesilo,,,04/09/2026 13:24
f654aaa4-85d4-4709-b369-0723f2742db5,ghostly.tennis,available,65.99,65.99,high,low,7,namesilo,,,06/08/2026 05:28
19e195d8-1f66-49b8-9d07-6b7c278c92f2,donation.tennis,available,65.99,65.99,high,low,8,namesilo,,,
3537483e-e1e9-40e6-a379-2c63b65bd590,supernatural.tennis,available,65.99,65.99,high,low,12,namesilo,,,
a1a39d9a-824f-45d5-ac16-d905ee055eb5,recumbent.tennis,available,65.99,65.99,high,low,9,namesilo,,,
3d2cd2f2-1b13-45e5-9727-1adb058ac902,recognition.tennis,available,65.99,65.99,high,low,11,namesilo,,,
c465a870-a928-454c-8e82-beb09a0f458f,escaped.tennis,available,65.99,65.99,medium,low,7,namesilo,,,07/08/2026 11:22
fb616ac1-e2e5-4eb5-b527-5295571f253f,fashion.tennis,available,65.99,65.99,high,medium,7,namesilo,,,
0b0637fd-0272-4a90-b4fd-00c8f6a99924,marble.tennis,available,80.99,,high,low,6,name.com,,,
7231f414-ce85-43d2-b189-3365d4aebb3c,cxxxv.tennis,available,65.99,65.99,medium,low,5,namesilo,,,
05abb89e-d6f6-4ee8-b0ec-c86e2a814f99,turncoat.tennis,available,65.99,65.99,medium,low,8,namesilo,,,06/08/2026 03:49
5d89a309-1c1c-49ed-bc6d-97ba62ca1e3f,nokia.tennis,available,,,high,low,5,,,,
7d8f3720-589f-4bec-b077-bfe74ec7d20b,antarctic.tennis,available,65.99,65.99,high,low,9,namesilo,,,
bf58dc93-79bf-4c00-8f23-1f510f500233,noncitizen.tennis,available,65.99,65.99,high,low,10,namesilo,,,
4017b63c-8d09-4008-ae34-559f2770f5bc,sweatshirt.tennis,available,65.99,65.99,high,low,10,namesilo,,,
f4234bd1-3d35-4821-9c20-8102e43f53bf,have.tennis,available,65.99,65.99,high,low,4,namesilo,,,
d37a47bc-9e89-4037-bbbd-22e771f674e5,adamant.tennis,available,65.99,65.99,high,low,7,namesilo,,,
badbb384-5887-45d9-b346-e1428c09e231,packed.tennis,available,65.99,65.99,high,low,6,namesilo,,,
30e0306b-64bf-4165-b39b-b55d9cef49b2,globular.tennis,available,65.99,65.99,high,low,8,namesilo,,,08/08/2026 10:06
c6ec5a64-2810-4b50-a606-2b73f69bbc23,barbate.tennis,available,65.99,65.99,medium,low,7,namesilo,,,08/08/2026 16:10
a862dfd8-cdfd-4fc9-9244-8ad7561d551b,adios.tennis,available,65.99,65.99,high,low,5,namesilo,,,
9929df90-b804-48d2-8ba7-2ad0a29d00e0,commonly.tennis,available,65.99,65.99,high,low,8,namesilo,,,
a7b0303b-a972-46fa-b8cd-c91deb15ea37,strengthen.tennis,available,65.99,65.99,high,low,10,namesilo,,,
438ec7ae-37b3-4a55-a863-82b0b33eb05f,but.tennis,available,65.99,65.99,high,low,3,namesilo,,,
2f383439-4ff3-42f9-abe3-c4f90e420a2a,modeller.tennis,available,80.99,,high,low,8,name.com,,,
cdd896ce-95a2-47e3-9dd6-8ac0ae1e243f,mat.tennis,available,65.99,65.99,high,low,3,namesilo,,,08/09/2026 07:48
00934c4a-a01e-4e25-88dc-ef1e6d4403eb,risk.tennis,available,65.99,65.99,high,low,4,namesilo,,,08/09/2026 12:49
093ab63d-690d-4522-b4d5-2debb997aa86,kilometer.tennis,available,65.99,65.99,high,low,9,namesilo,,,
220c26c7-e804-4d28-8926-4e9d1b7cfd34,wannabee.tennis,available,65.99,65.99,medium,low,8,namesilo,,,07/08/2026 05:22
24368488-13dd-4904-a9ce-873456866eb3,recorded.tennis,available,65.99,65.99,high,low,8,namesilo,,,
ba9bcfaa-2b02-43b7-a818-1fe79db09d84,spherical.tennis,available,65.99,65.99,high,low,9,namesilo,,,08/08/2026 10:21
5b72d8a4-a605-4c79-8d02-9f2b10e9edc4,adjuvant.tennis,available,65.99,65.99,high,low,8,namesilo,,,
d52052ef-6c55-4c45-afdb-e55701ee4bfb,things.tennis,available,80.99,,high,low,6,name.com,,,
e7abcab0-2eaf-458c-b7fa-7e28b5b47220,dicks.tennis,available,65.99,65.99,medium,low,5,namesilo,,,
f5c22a1c-ad5a-4977-a938-ceb4664feedd,germicidal.tennis,available,65.99,65.99,medium,low,10,namesilo,,,08/08/2026 07:07
0fd5f65e-90d7-4127-985c-9359f20d1f46,garret.tennis,available,65.99,65.99,medium,low,6,namesilo,,,07/08/2026 15:51
6dff2545-0cb0-4233-8d8a-9871ff8bd8b2,avid.tennis,available,65.99,65.99,high,low,4,namesilo,,,07/08/2026 23:21
dc4a97c8-c8fe-4698-beec-45c8c8723db6,actinide.tennis,available,65.99,65.99,medium,low,8,namesilo,,,
538c440e-d4b5-40f3-b0b1-7bb2d1596470,spacetravel.tennis,available,65.99,65.99,high,low,12,namesilo,,,
a00f83e5-7f96-4146-9175-ff0f358a6304,erupt.tennis,available,65.99,65.99,high,low,5,namesilo,,,
75f88cfb-fa9e-4580-84b6-0798e4b87d72,mediocre.tennis,available,65.99,65.99,high,low,8,namesilo,,,
a557b2d6-c317-4e7d-830f-8eac878766ba,float.tennis,available,65.99,65.99,high,low,5,namesilo,,,
86d86ba6-ab24-4b16-9beb-dbccbbaf80fd,accept.tennis,available,65.99,65.99,high,low,6,namesilo,,,
22514e1d-6d84-4b8a-8997-35e88d87bdb1,disciple.tennis,available,65.99,65.99,high,low,8,namesilo,,,
66515043-d482-4c62-baec-a8a68e9f8dd5,industrialize.tennis,available,65.99,65.99,high,low,13,namesilo,,,
f8da2357-bbb5-4d5f-a1a3-ef69ef5bfa33,fail.tennis,available,65.99,65.99,high,low,4,namesilo,,,
e218bd9d-7f86-41c9-8180-90ffd94fd3c2,peacock.tennis,available,,,high,low,7,,,,
09dfebda-4dbe-4430-a3d4-464d68d297bf,camper.tennis,available,,,high,low,6,,,,
17666fad-a500-4141-838d-8fd4bfc78404,channel.tennis,premium,118.8,118.8,high,low,7,namesilo,,,
af2e3ae5-db2b-44f7-9315-f39f633fa99a,wannabe.tennis,available,65.99,65.99,medium,low,7,namesilo,,,07/08/2026 05:17
8f074e41-8969-4fc9-be4d-0ae19f6965c6,exercising.tennis,available,65.99,65.99,high,low,10,namesilo,,,
c4102283-1887-45a8-86cd-8ca21be74a5c,leader.tennis,available,65.99,65.99,high,low,6,namesilo,,,
6e1cb62b-f28e-4238-99d6-2922fe21bc04,justified.tennis,available,65.99,65.99,high,low,9,namesilo,,,
ba3e44f6-c6ab-41dd-bb3f-557e426b6963,roasted.tennis,available,80.99,,high,low,7,name.com,,,
37641980-35d9-429f-a2a7-04e305325a0e,athenian.tennis,available,65.99,65.99,medium,low,8,namesilo,,,07/08/2026 13:08
2596b08f-d753-41f9-8b6a-7d31870a1892,liam.tennis,available,65.99,65.99,high,low,4,namesilo,,,
2de71aef-fdf0-4e36-aee6-dbd494c592fe,badness.tennis,available,65.99,65.99,medium,low,7,namesilo,,,08/08/2026 07:23
1bae8e2f-043f-4612-98c2-c9cbc14f29ea,him.tennis,available,65.99,65.99,high,low,3,namesilo,,,
e896a826-1b73-4b33-b048-504cb82597c1,maudlin.tennis,available,65.99,65.99,medium,low,7,namesilo,,,09/08/2026 00:42
59a476d7-1a60-407c-bd88-75c8b13cadf8,waterless.tennis,available,67.98,81.98,medium,low,9,namecheap,,,06/08/2026 19:03
e963e705-2dc5-4b38-908c-601e9d676ff0,buck.tennis,available,65.99,65.99,high,low,4,namesilo,,,
248b038f-f539-4053-803b-d59b5bd0886d,agamic.tennis,available,65.99,65.99,medium,low,6,namesilo,,,
c80cd781-f7d9-4dcc-824d-e7992e88bca2,mike.tennis,available,80.99,,high,medium,4,name.com,,,
191c3060-1474-473d-895e-d5bd1190c0e5,thief.tennis,available,80.99,,high,low,5,name.com,,,
87bd30ca-1b85-46a3-935b-381f7807e6eb,slip.tennis,available,65.99,65.99,high,low,4,namesilo,,,
b6bdc6eb-017e-4c3d-9a09-581518be4e67,practicing.tennis,available,65.99,65.99,high,low,10,namesilo,,,
49f6bf7c-aba0-42d4-aa97-1d9e5779120b,river.tennis,available,65.99,65.99,high,low,5,namesilo,,,
59d987e5-545b-4007-b498-0fd2d9b8018d,are.tennis,available,65.99,65.99,high,low,3,namesilo,,,
44c1805e-9aea-49ef-8553-83bbab0022bd,malaria.tennis,available,65.99,65.99,high,low,7,namesilo,,,
ca5aa3dd-89e7-4fdc-96bc-ef126ed950df,merger.tennis,available,65.99,65.99,high,low,6,namesilo,,,
ca86be65-3474-4f79-8df8-6048c1357094,xxxiii.tennis,available,65.99,65.99,high,low,6,namesilo,,,
1b36a5b2-3e00-4741-a04a-08005d86b0ec,pan.tennis,available,65.99,65.99,high,low,3,namesilo,,,
c3808c85-5144-4381-880e-2d13ab70bb68,pubmed.tennis,available,65.99,65.99,high,low,6,namesilo,,,
573aa981-a021-4599-80b1-87d1a2878700,released.tennis,available,65.99,65.99,high,low,8,namesilo,,,
1fd3a898-d7d7-456e-bb3a-79cac299044d,antic.tennis,available,65.99,65.99,high,low,5,namesilo,,,
c62c7370-1136-4e5d-b75f-2e89a6abcdd0,income.tennis,available,65.99,65.99,high,low,6,namesilo,,,
39456c09-b8d6-46bf-8659-3f32b82b1e34,traveller.tennis,available,65.99,65.99,high,low,9,namesilo,,,
3473fefc-d00a-4976-995e-5d916fcf67b5,dewy.tennis,available,65.99,65.99,medium,low,4,namesilo,,,09/08/2026 06:51
47d81545-7194-4fcc-9ec3-dcf379e8e5b3,nebraska.tennis,available,65.99,65.99,high,low,8,namesilo,,,
d16fb758-cd39-4d4a-8025-1212fc98ce4c,offstage.tennis,available,65.99,65.99,high,low,8,namesilo,,,08/08/2026 06:14
ea7b8b4e-b78c-4d52-bb24-6168dbfde79e,acknowledged.tennis,available,80.99,,high,low,12,name.com,,,
e9ea3ad2-4bee-4ede-be40-515444ef84e8,carsick.tennis,available,67.98,81.98,medium,low,7,namecheap,,,
9419e7fb-f02e-42bb-b2a4-eb8dabf48e91,indecent.tennis,available,65.99,65.99,high,low,8,namesilo,,,
37b93d29-5734-477f-8ac3-4689ca116fd5,abreast.tennis,available,65.99,65.99,high,low,7,namesilo,,,
e368f5ec-d467-4e60-903d-b4deb1335666,airplane.tennis,available,65.99,65.99,high,low,8,namesilo,,,
57d3a8f0-e355-41ad-8d0e-0401777aec2e,eleventh.tennis,available,65.99,65.99,high,low,8,namesilo,,,
ea1ba026-3e6b-4e3c-9a03-ede919756bba,bareback.tennis,available,65.99,65.99,medium,low,8,namesilo,,,08/08/2026 18:38
ed62b9ad-84e0-4ad6-a397-f39b9b949593,quarters.tennis,available,65.99,65.99,high,low,8,namesilo,,,
b64566fb-b155-41e3-999d-797208c1514b,shorts.tennis,available,80.99,,high,low,6,name.com,,,
386e4c91-1d11-4fec-b919-ecdbe6e22357,accentual.tennis,available,65.99,65.99,medium,low,9,namesilo,,,
1f80e659-6025-42c8-96e5-c82f2a70db75,wrote.tennis,available,65.99,65.99,medium,low,5,namesilo,,,
ba0d9ed1-21fd-4504-b06c-ff359e1cda33,never.tennis,available,65.99,65.99,high,low,5,namesilo,,,
0da9d73e-81ae-4ba2-85d4-0be120c28b86,wool.tennis,available,65.99,65.99,high,low,4,namesilo,,,
52eee363-0847-451d-b9eb-6b6c6200c7a2,scorched.tennis,available,65.99,65.99,medium,low,8,namesilo,,,
3f2d186a-c7f2-4911-9c92-5db3e49c2379,selected.tennis,available,65.99,65.99,high,low,8,namesilo,,,
0999edec-cfb9-4059-822f-6a5f19815772,beatific.tennis,available,65.99,65.99,high,low,8,namesilo,,,
e3b5d542-3d6c-4155-a70f-210d0b03de22,customise.tennis,available,65.99,65.99,high,low,9,namesilo,,,
72f0db8a-3a7f-4ec0-ac8f-795d984951a7,lxvi.tennis,available,65.99,65.99,medium,low,4,namesilo,,,
73c1d792-060f-4573-be91-5f53418701ec,stand.tennis,available,65.99,65.99,high,low,5,namesilo,,,
bdaca115-9621-4e79-93f7-ccd4c6501ab9,abysmal.tennis,available,65.99,65.99,medium,low,7,namesilo,,,
f19ea2f0-bcc1-493a-a215-1df56e6f1974,starred.tennis,available,65.99,65.99,medium,low,7,namesilo,,,07/08/2026 08:52
1a1b5250-6bfa-4de5-8a37-db712e52dac1,outlander.tennis,available,65.99,65.99,high,low,9,namesilo,,,
3acc04af-5875-4042-bcb2-2101f8fb6400,allylic.tennis,available,65.99,65.99,medium,low,7,namesilo,,,
10fb90d8-5205-42be-b8e8-ee192386fd9d,corn.tennis,available,65.99,65.99,high,low,4,namesilo,,,
7d446998-e805-40a4-b653-d3a73630af97,uncontrollable.tennis,available,65.99,65.99,medium,low,14,namesilo,,,
07ca206f-2400-4bfd-b3a7-9000c3fa373a,fundament.tennis,available,65.99,65.99,medium,low,9,namesilo,,,09/08/2026 10:59
45f81aae-7779-44f9-bd45-b6fe3176b095,bravery.tennis,available,80.99,,high,low,7,name.com,,,
d89b3ca9-244f-48d8-b684-24de30d3f353,belarusian.tennis,available,65.99,65.99,medium,low,10,namesilo,,,09/08/2026 12:32
93b7fa0c-2e15-4db4-b735-b30d0618755a,ask.tennis,available,65.99,65.99,high,medium,3,namesilo,,,
be2d68bb-defd-4482-a568-cfbd1e1ea9e1,bunch.tennis,available,65.99,65.99,high,low,5,namesilo,,,
e792070f-d0e6-4590-bdc7-40cc8d4cff02,wave.tennis,available,80.99,,high,medium,4,name.com,,,
21e979e8-b55e-478d-b6f6-8640492ec66b,baffled.tennis,available,65.99,65.99,medium,low,7,namesilo,,,07/08/2026 11:36
0e64bf30-3c26-4680-aa6e-7c32f2496233,drawing.tennis,available,65.99,65.99,high,low,7,namesilo,,,
e2778699-3d3b-4c33-a9a5-2e8d1df30d6c,departure.tennis,available,65.99,65.99,high,low,9,namesilo,,,08/09/2026 12:08
ad0a88be-17c4-48a5-924f-a2deac2b8963,phone.tennis,available,65.99,65.99,high,low,5,namesilo,,,
e7b8139d-9ba8-4b13-96ad-6b76d2508f73,northern.tennis,available,65.99,65.99,high,low,8,namesilo,,,
e4368ea1-8f05-4d62-9028-0bea7fda77d5,artwork.tennis,available,65.99,65.99,high,low,7,namesilo,,,
170c0929-3fbc-4a4d-a230-d73c6006b8c1,chairwoman.tennis,available,65.99,65.99,high,low,10,namesilo,,,
5e6b0f94-f0b2-4911-9527-435c47c64fb8,alate.tennis,available,65.99,65.99,high,low,5,namesilo,,,
aa206cf8-8f4d-4a74-8635-bc5c7185f2b3,agrestic.tennis,available,67.98,81.98,medium,low,8,namecheap,,,
d66ba936-e0b4-4a28-b795-1f0019301422,dinosaur.tennis,available,65.99,65.99,high,low,8,namesilo,,,
4fe6ba68-d04a-4dbd-8d55-d199b235825e,division.tennis,available,80.99,,high,low,8,name.com,,,
7372ddd6-11af-4505-928b-43493c32ff3c,sainted.tennis,available,65.99,65.99,high,low,7,namesilo,,,
ed9e67b8-7422-41f7-ad53-b5daa63ea4dc,shopworn.tennis,available,65.99,65.99,low,low,8,namesilo,,,08/08/2026 11:06
f2278a67-144c-4a67-82ef-2ff5a9007ee4,exaggerate.tennis,available,65.99,65.99,high,low,10,namesilo,,,
059a0d3b-d166-4033-8d32-6e3873152678,pain.tennis,available,65.99,65.99,high,low,4,namesilo,,,
00c9db6a-926f-4583-b613-b64e31e8b20c,lots.tennis,available,65.99,65.99,high,low,4,namesilo,,,
468a94f9-51d3-4a82-b28e-8649858e1423,pressing.tennis,available,65.99,65.99,high,low,8,namesilo,,,
b76dc451-eb2a-4118-a2eb-5dd1055acc65,odious.tennis,available,65.99,65.99,medium,low,6,namesilo,,,
963edcc7-a9b5-4779-9c14-4ace412a4021,anorectal.tennis,available,65.99,65.99,medium,low,9,namesilo,,,
cfcfdce0-5b5e-4f32-a7a5-ef732ebe10b6,fever.tennis,available,65.99,65.99,high,low,5,namesilo,,,
f9620cfa-2dbd-41bf-8e99-b6faac0d1ef1,stuck.tennis,available,65.99,65.99,medium,low,5,namesilo,,,
761fbe48-a89c-4d83-bca2-4e4c3432ec93,addled.tennis,available,65.99,65.99,medium,low,6,namesilo,,,
8d47e5ec-4400-42f9-bb05-ca3f8f57679d,was.tennis,available,65.99,65.99,medium,low,3,namesilo,,,
e3f3163a-7530-4dd3-9701-bc48e91aae2f,echo.tennis,available,65.99,65.99,high,medium,4,namesilo,,,
a926eb28-b7fa-4ef1-b9e7-7c511e66ce94,contaminated.tennis,available,65.99,65.99,medium,low,12,namesilo,,,
0c9f4a15-d5df-42f5-ba60-6a821a1b9605,palace.tennis,available,65.99,65.99,high,low,6,namesilo,,,
d230f28e-85c6-44fe-8eac-c6032cbe8c2e,hardly.tennis,available,80.99,,high,low,6,name.com,,,
4ff1c16e-4a62-44ab-9416-d6eadd840f21,worthy.tennis,available,65.99,65.99,high,low,6,namesilo,,,
9ae87cb9-997c-41eb-8999-132d26e694c7,hindsight.tennis,available,65.99,65.99,high,low,9,namesilo,,,
56030a26-6163-4396-b6db-4a8811254cb2,unfounded.tennis,available,65.99,65.99,medium,low,9,namesilo,,,08/08/2026 21:57
b585a679-fa8c-43ca-8dcf-01032a27ab6f,asking.tennis,available,65.99,65.99,high,low,6,namesilo,,,
ad08cec6-7603-49bb-bfe3-c0aa257e4b99,solo.tennis,available,,,high,low,4,,,,
3a4f726a-d42b-48c6-9209-2eb5e74a64e5,transparent.tennis,available,80.99,,high,low,11,name.com,,,
6c8c3582-7d5f-405a-a8f7-96db288fd5a1,oatmeal.tennis,available,65.99,65.99,high,low,7,namesilo,,,
b21697ff-5030-45a9-b410-fe8435ef7c89,rated.tennis,available,65.99,65.99,high,low,5,namesilo,,,
9570192d-0fdc-41c7-a09d-056491a4e3ef,pray.tennis,available,65.99,65.99,high,low,4,namesilo,,,
cac3474f-56b3-4941-aa22-acf7c3246089,con.tennis,available,65.99,65.99,high,low,3,namesilo,,,
f6ff6a18-8373-435d-91a6-bf0dc90c1cdf,intense.tennis,available,65.99,65.99,high,low,7,namesilo,,,
73f12551-add8-466b-891f-a75a253f6d3b,did.tennis,available,65.99,65.99,high,low,3,namesilo,,,
bd74a3a6-f51f-4727-9ed7-b5c956b9924f,reebok.tennis,available,65.99,65.99,high,low,6,namesilo,,,
82a3e18b-1b86-4b8d-bfdc-5e6b1039dd85,barefaced.tennis,available,65.99,65.99,medium,low,9,namesilo,,,08/08/2026 09:20
909ea643-ab8b-4ac3-9127-c6f2049ef25e,their.tennis,available,65.99,65.99,high,low,5,namesilo,,,
df42d4db-7947-490a-938d-a222134b0328,facilitate.tennis,available,65.99,65.99,high,low,10,namesilo,,,
c007fe5d-b762-4bb0-adef-ef7509f883ec,posterior.tennis,available,65.99,65.99,medium,low,9,namesilo,,,09/08/2026 11:12
cffb808d-5b99-44e8-8e76-785b3a6130ad,analgesic.tennis,available,65.99,65.99,high,low,9,namesilo,,,
abe136c5-5ac3-466d-8e4c-36c02da51048,doubling.tennis,available,65.99,65.99,high,low,8,namesilo,,,
6ebd7fe6-0123-48a1-816a-68f4bb0f3942,gratitude.tennis,available,80.99,,high,low,9,name.com,,,
9c40aae6-1000-4de8-8786-00712b43e84b,underestimate.tennis,available,65.99,65.99,high,low,13,namesilo,,,
62b8ac44-d694-4f91-bc78-95e78b9d5fce,producing.tennis,available,65.99,65.99,high,low,9,namesilo,,,
a1224c12-efde-42cd-9ef2-a00d5e2b3740,lowered.tennis,available,65.99,65.99,high,low,7,namesilo,,,
9fe78013-d5dd-4067-bedb-b6b3c7c59eb8,charles.tennis,available,65.99,65.99,high,low,7,namesilo,,,
8ba901fb-dcb3-4308-bcbf-3e80ba8fecd9,prosecution.tennis,available,80.99,,high,low,11,name.com,,,
c1b91741-6535-4503-867d-8fd2882ac8d1,acquired.tennis,available,65.99,65.99,high,low,8,namesilo,,,
86220e17-024c-4d3b-aa31-7f522baa091a,endurable.tennis,available,65.99,65.99,medium,low,9,namesilo,,,09/08/2026 04:33
41e7918e-6c27-4095-9a44-b8aa3421988a,motor.tennis,available,65.99,65.99,high,low,5,namesilo,,,
6cd321ea-d227-4d11-995b-b66ad2f21187,thirty.tennis,available,65.99,65.99,high,low,6,namesilo,,,
d39ac14c-7ef8-4a10-aaf7-46bf9d515536,returned.tennis,available,65.99,65.99,high,low,8,namesilo,,,
beb662b8-9ada-433c-994e-4aaf4ae287b2,biddable.tennis,available,65.99,65.99,medium,low,8,namesilo,,,
1a2469f7-d8f2-4070-8f7f-5bfdbbda0a3f,primary.tennis,available,65.99,65.99,high,low,7,namesilo,,,
724dd31f-3bc1-4800-816f-1a65da5573cd,ounce.tennis,available,80.99,,high,low,5,name.com,,,
14bbda49-a997-439b-b3c2-29522e6eb2bf,baby.tennis,available,65.99,65.99,high,low,4,namesilo,,,
cd264416-d3c5-4552-a6f9-e13db2f29829,peninsula.tennis,available,65.99,65.99,high,low,9,namesilo,,,
0d9c3fe2-62c3-43b7-9f54-8d2255c565f1,anywhere.tennis,available,65.99,65.99,high,low,8,namesilo,,,
cd88731a-ff04-4a95-93cd-132feeff1f54,steal.tennis,available,65.99,65.99,high,low,5,namesilo,,,
8770b987-80ef-4f7a-8ed1-5499aced3caf,chambers.tennis,available,65.99,65.99,high,low,8,namesilo,,,08/09/2026 06:47
99d25d25-0353-489e-9fff-3c99d12d01e8,resonating.tennis,available,65.99,65.99,high,low,10,namesilo,,,
16bdb2f3-008a-4260-b4de-83b99acaa41c,normally.tennis,available,65.99,65.99,high,low,8,namesilo,,,
ad256279-727c-472f-a231-039a470db4ff,ancestor.tennis,available,65.99,65.99,high,low,8,namesilo,,,
53c9ade9-b2b6-4033-ad49-296130f0f218,nash.tennis,available,65.99,65.99,high,low,4,namesilo,,,
a691e0b5-e8fa-4f97-b660-15f7ba3f9327,carousing.tennis,available,65.99,65.99,medium,low,9,namesilo,,,08/08/2026 04:24
3d74364c-d8ea-44f4-bfcf-e82b0f5b5dda,consensus.tennis,available,65.99,65.99,high,low,9,namesilo,,,
2507cf17-81d0-465f-a8a3-2750666f3e19,band.tennis,available,65.99,65.99,high,low,4,namesilo,,,
aa53454a-8093-4a2e-84e4-d840bb0ff749,soothing.tennis,available,65.99,65.99,high,low,8,namesilo,,,07/08/2026 07:40
cd211854-f9d9-4348-ab43-9c3964fcd4cf,peeved.tennis,available,,,medium,low,6,,,,
ddd3c67c-66bc-40b3-b55a-aaff955dd543,sat.tennis,available,65.99,65.99,high,low,3,namesilo,,,
7b31400b-3796-460e-9b05-f9354e5b5431,bitter.tennis,available,65.99,65.99,high,low,6,namesilo,,,
4b77ef67-00bd-417c-8236-243eb44fc604,wine.tennis,available,65.99,65.99,high,low,4,namesilo,,,
387f2227-327a-4cd3-ab4e-04cf8c6293fe,stockholm.tennis,available,65.99,65.99,high,low,9,namesilo,,,
ce7b9c7d-82eb-4d59-bfd4-c1c263261a28,york.tennis,available,65.99,65.99,high,low,4,namesilo,,,
46e14749-4413-43e7-b894-554eb57043a2,bryan.tennis,available,80.99,,high,low,5,name.com,,,
05736913-188b-4f17-90e4-cf1385b97ff0,lgbtq.tennis,available,65.99,65.99,high,low,5,namesilo,,,
d006ac46-9210-4657-af1a-68a0d957c24e,quest.tennis,available,65.99,65.99,high,medium,5,namesilo,,,
51c6a315-391b-4f51-a7af-9ddcb912a544,bahamas.tennis,available,,,high,low,7,,,,
f20c2c3d-8053-4450-bc9b-406bdc3df58a,slept.tennis,available,65.99,65.99,medium,low,5,namesilo,,,
3125af7a-927b-4913-b41f-13d0722f0a77,nassau.tennis,available,65.99,65.99,high,low,6,namesilo,,,
d60d9248-d768-4f70-99ec-588e7782552a,agone.tennis,available,67.98,81.98,medium,low,5,namecheap,,,
2c8c28aa-a505-4212-b8ef-92ae3353f2b2,construction.tennis,available,65.99,65.99,high,low,12,namesilo,,,
8585ea65-a510-4032-b443-44edf794e2ac,having.tennis,available,65.99,65.99,high,low,6,namesilo,,,
ce09cd2a-3c1a-490f-a53b-28f89e99635b,sandwich.tennis,available,65.99,65.99,high,low,8,namesilo,,,
86fdde2e-d317-48d7-8e8c-d7fbfa17ed3f,valley.tennis,available,65.99,65.99,high,low,6,namesilo,,,
2fadeaa5-04f8-449b-bed0-7d520fe53519,fingers.tennis,available,65.99,65.99,high,low,7,namesilo,,,
beb4e782-1b14-4981-892c-eb928e30eaad,stewart.tennis,available,65.99,65.99,high,low,7,namesilo,,,
0171c362-9d98-4b67-b0cd-ddefe97a3173,urgent.tennis,available,65.99,65.99,high,low,6,namesilo,,,
1c17354c-7518-464b-8731-4168f9f5af68,require.tennis,available,65.99,65.99,high,low,7,namesilo,,,
11c12d82-7ee2-40dc-b73c-3fe82b0e912f,quieter.tennis,available,65.99,65.99,high,low,7,namesilo,,,
03ddb110-7d27-40da-8743-c8ab8c6187f5,hanukah.tennis,available,65.99,65.99,high,low,7,namesilo,,,
acda204c-af4f-433f-ad16-f5d15a2d78e8,monkey.tennis,available,80.99,,high,low,6,name.com,,,
301ea1e1-70f3-4fc8-89e7-28adf0e7214a,successes.tennis,available,65.99,65.99,high,low,9,namesilo,,,
485e9384-274e-4895-8be4-108c3780b614,teamwork.tennis,available,80.99,,high,low,8,name.com,,,
60036bdc-038c-43cb-96b3-43abde0c0aea,adoptable.tennis,available,65.99,65.99,high,low,9,namesilo,,,
8c9cf80e-347d-427e-9526-4205ec75f950,sushi.tennis,available,80.99,,high,low,5,name.com,,,
8ef3d9bf-c143-45d4-8c90-753e520c70a2,migrate.tennis,available,65.99,65.99,high,low,7,namesilo,,,
c7f7ddcc-bc4f-404f-a11c-f10ecff7e5e7,ship.tennis,available,65.99,65.99,high,low,4,namesilo,,,
64c7cac1-7666-4a2b-85ce-677f9d37f0e2,grievous.tennis,available,65.99,65.99,medium,low,8,namesilo,,,07/08/2026 14:41
be9292d4-2f84-47d7-93f8-a62ee0279076,loony.tennis,available,65.99,65.99,high,low,5,namesilo,,,06/08/2026 21:17
b082c1cd-0cbc-4288-891d-9f179d48d817,pony.tennis,available,65.99,65.99,high,low,4,namesilo,,,
2a84f622-0bbd-438f-88d0-1f65a2a3e29d,bid.tennis,available,65.99,65.99,high,low,3,namesilo,,,
b9ab0a70-769b-491d-a407-025a4ced9abe,ahorse.tennis,available,67.98,81.98,medium,low,6,namecheap,,,
79b80aa7-9429-4bea-b128-74b1095dfea8,denial.tennis,available,65.99,65.99,high,low,6,namesilo,,,
04de0d8b-77d8-4b49-b2c7-8b1f0d99d220,own.tennis,available,,,high,low,3,,,,
5e921645-5307-4e6f-a407-ee09f6dfd079,overhang.tennis,available,65.99,65.99,medium,low,8,namesilo,,,09/08/2026 08:28
c68e5ec8-cd20-4ccc-a706-af887c62358f,idea.tennis,available,,,high,low,4,,,,
91a3d10c-cfc1-44a8-8cbb-4d6a50c4debb,opal.tennis,available,65.99,65.99,high,low,4,namesilo,,,
957748f5-730d-419f-bbff-c711c0270c4a,mavin.tennis,available,65.99,65.99,high,low,5,namesilo,,,
c4554333-4ca2-4c74-9bfe-fb9e702bf3ab,mining.tennis,available,65.99,65.99,high,low,6,namesilo,,,
7f2a54eb-d1f6-42b7-90c5-80d0f1d19457,yearbook.tennis,available,65.99,65.99,high,low,8,namesilo,,,
6eb0be06-835e-4741-998c-9085beea3e0f,stranger.tennis,available,80.99,,high,low,8,name.com,,,
b8ab3782-fa1b-4268-95e7-48e67446c5d2,forty.tennis,available,65.99,65.99,high,low,5,namesilo,,,
49733b93-ea93-4da0-a8e7-fa7d76e92108,revered.tennis,available,80.99,,high,low,7,name.com,,,
ca000c98-18ec-4866-a8ad-7a323e5741fe,clarity.tennis,available,65.99,65.99,high,medium,7,namesilo,,,
764f14d9-5290-4eca-8d06-58d265bd129c,captain.tennis,available,65.99,65.99,high,low,7,namesilo,,,
c82741fa-411c-460f-ba5d-19452cd240e9,dime.tennis,available,65.99,65.99,high,low,4,namesilo,,,
e23d1eaa-b0f6-4f51-ac1b-5b929119f70f,supra.tennis,available,65.99,65.99,high,low,5,namesilo,,,
ca64cf5e-7681-409e-8518-24f427bb0f99,commonsense.tennis,available,65.99,65.99,high,low,12,namesilo,,,
6a6516cd-4cbf-4730-82d2-8103c29b0446,whatnot.tennis,available,65.99,65.99,high,low,8,namesilo,,,
bdd82a21-8de9-4fc6-8a3e-cb1849b4bbfb,bated.tennis,available,65.99,65.99,medium,low,5,namesilo,,,09/08/2026 00:22
badcfc0a-03cf-4ffe-841a-7b94b55b87ca,actor.tennis,available,65.99,65.99,high,low,5,namesilo,,,
300e54a0-c139-496a-8234-1bfe0fd480cd,bar.tennis,available,65.99,65.99,high,low,3,namesilo,,,
9a5ffc59-bb8c-4f6f-943b-1fa21161ec23,xoxoxo.tennis,available,65.99,65.99,high,low,6,namesilo,,,
293fd8af-7692-45fe-a7b1-0340c38cc9b2,pamper.tennis,available,65.99,65.99,high,low,6,namesilo,,,
ec051f2d-83eb-4817-add7-de9a14bcde55,massage.tennis,available,80.99,,high,low,7,name.com,,,
6cb3c241-a3ae-4c36-b44f-b753c5c2b19b,pancreas.tennis,available,65.99,65.99,high,low,8,namesilo,,,
592a0110-7e74-41da-9681-b28f77ba6430,netflix.tennis,available,,,high,low,7,,,,
919a4220-3e38-43e1-973e-98b93515a2c3,moderation.tennis,available,65.99,65.99,high,low,10,namesilo,,,
89fc3e26-023c-4a49-abc0-0ac1041e341f,calender.tennis,available,65.99,65.99,high,low,8,namesilo,,,
4e30da5d-7ad4-450b-9bd0-c4ee9b188159,vengeful.tennis,available,80.99,,medium,low,8,name.com,,,
b6c3821c-1942-4c71-b8a7-bf01e030cb67,alliaceous.tennis,available,65.99,65.99,medium,low,10,namesilo,,,
b639bbaf-93b3-4887-ac5c-0e3bd0ea96a7,lamppost.tennis,available,65.99,65.99,high,low,8,namesilo,,,
06eae62f-fd20-40e1-aabf-962390b3bb89,touchdown.tennis,available,65.99,65.99,high,low,10,namesilo,,,
3786ab84-e65c-41b1-a87e-219abdc03364,mister.tennis,available,80.99,,high,low,6,name.com,,,
98f2de9c-4a85-4b89-8246-8d5cb62a190a,aeronautic.tennis,available,65.99,65.99,high,low,10,namesilo,,,
a38290f5-e9d8-4759-9014-57a16e3cffe2,basaltic.tennis,available,65.99,65.99,medium,low,8,namesilo,,,08/08/2026 21:29
56dd70c6-f6c6-48b5-afd9-e37f4e9c0ee9,ohio.tennis,available,65.99,65.99,high,low,4,namesilo,,,
f44e50f6-bb1f-480d-ac6f-0b90793e0cdb,willingness.tennis,available,65.99,65.99,high,low,11,namesilo,,,
bd66ea14-a034-4317-b596-e192266a726e,praise.tennis,available,65.99,65.99,high,low,6,namesilo,,,
a256aafd-5341-4189-9c76-b345e1537e8e,needle.tennis,available,65.99,65.99,high,low,6,namesilo,,,
4598e8ad-3499-4707-9d22-12118e171efc,aroused.tennis,available,65.99,65.99,high,low,7,namesilo,,,
99c92b63-98da-49c4-8f88-9e54d27617b1,snapchat.tennis,available,80.99,,high,low,8,name.com,,,
abec981c-03b1-4a97-9a23-f9c798279964,jail.tennis,available,65.99,65.99,high,low,4,namesilo,,,
f8fd6423-f17b-4141-862e-15b7324eafe0,portable.tennis,available,65.99,65.99,high,low,8,namesilo,,,
7f28b451-14a2-4811-8e70-b39e85d4182a,robin.tennis,available,65.99,65.99,high,low,5,namesilo,,,
c189bfc8-f948-4946-8064-5d7a33538047,ternion.tennis,available,65.99,65.99,high,low,7,namesilo,,,
de401fab-50be-4d0a-8101-e44734226977,cane.tennis,available,65.99,65.99,high,low,4,namesilo,,,
30955b80-aa6b-4004-a6bf-a606e901be2a,informed.tennis,available,65.99,65.99,high,low,8,namesilo,,,
33980ccc-175b-4940-a7b5-51f65fff172d,agog.tennis,available,67.98,81.98,high,low,4,namecheap,,,
6414ae6c-ba99-4ad6-aa4a-dd30d1f80170,swerve.tennis,available,65.99,65.99,high,low,6,namesilo,,,
f9f0999b-4dc4-4de0-82cf-2692e40babdf,stat.tennis,available,65.99,65.99,high,low,4,namesilo,,,
d21b0fca-2abb-46e2-946c-ad0ecf9d5471,experience.tennis,available,,,high,low,10,,,,
3b4fbda8-1cfb-4a33-a79f-06c718ec4b0c,baseball.tennis,available,65.99,65.99,high,low,8,namesilo,,,
06235084-aa51-489c-8515-7b21e3ef6872,hannukah.tennis,available,65.99,65.99,high,low,8,namesilo,,,
f5992976-3065-4b89-b6e7-70112bb4e999,kilobyte.tennis,available,65.99,65.99,high,low,8,namesilo,,,
ee0d6b1c-990e-4492-85cf-a1e4c02f35a5,awestruck.tennis,available,65.99,65.99,high,low,9,namesilo,,,08/08/2026 01:00
c8ec5d17-cb79-4bbf-9666-d908e7454702,cricket.tennis,available,80.99,,high,low,7,name.com,,,
8be3f3b2-0772-437b-834b-f6ab46fb8121,terrifying.tennis,available,65.99,65.99,medium,low,10,namesilo,,,
522af091-ff1f-486c-8b87-f6e8ab3e0ec9,climate.tennis,available,65.99,65.99,high,low,7,namesilo,,,
97fc74b6-81a0-4f05-b46a-6add67c573bd,lava.tennis,available,65.99,65.99,high,low,4,namesilo,,,
3f3a3ab7-00c6-492b-b56a-03fca7bf5e91,nettlesome.tennis,available,65.99,65.99,medium,low,10,namesilo,,,
90b6e8c0-1983-460b-adb2-33a114b648a5,stood.tennis,available,65.99,65.99,medium,low,5,namesilo,,,
d976e5e5-a55b-4189-8ca5-8afd54d26a0e,yeah.tennis,available,65.99,65.99,high,low,4,namesilo,,,
c93acbf0-6d72-4fbe-82a5-ada1acc2d17a,branch.tennis,available,80.99,,high,low,6,name.com,,,
2f7a1afc-ced8-43a7-aa5d-5fb34e252f53,tide.tennis,available,65.99,65.99,high,low,4,namesilo,,,
a8b3b9bc-bed6-4340-8f9c-b1689a11ab98,increase.tennis,available,65.99,65.99,high,low,8,namesilo,,,
071f67a1-7eaf-416b-a5be-c49a56a4dcb8,city.tennis,premium,118.8,118.8,high,medium,4,namesilo,,,
435dc8c4-3555-4809-8d8e-546eb72ff2fb,shaky.tennis,available,80.99,,high,low,5,name.com,,,
d2de3096-d1ab-4d4a-b26a-079e45ad0543,troika.tennis,available,65.99,65.99,high,low,6,namesilo,,,
9369e0fc-a98b-4d7c-802f-93a3fe1d2609,saturday.tennis,available,65.99,65.99,high,low,8,namesilo,,,
291e3a2a-6629-410e-85ca-f2de55bed25f,lambent.tennis,available,65.99,65.99,medium,low,7,namesilo,,,
1e3e963c-5b43-4462-b0b1-9ad1ff90b6cd,aspirant.tennis,available,65.99,65.99,medium,low,8,namesilo,,,07/08/2026 05:02
f480cf61-02fa-48da-a489-bafb7f085829,sensing.tennis,available,65.99,65.99,high,low,7,namesilo,,,
a4b8aacf-da5d-4579-91bf-9278e5c0aeaa,previous.tennis,available,65.99,65.99,high,low,8,namesilo,,,
f73f1867-ea5d-4d02-a593-7bc7cfdd71e9,developer.tennis,available,65.99,65.99,high,low,9,namesilo,,,
fbfa1e62-2b9e-48c9-9d3a-85c1e9a76fe2,thank.tennis,available,65.99,65.99,high,low,5,namesilo,,,
c3cc9284-3737-4080-8a1f-042ff1a2c8e5,nostrils.tennis,available,65.99,65.99,medium,low,8,namesilo,,,
c7d77327-b5d2-4f4b-874e-c018f2646d65,ellen.tennis,available,65.99,65.99,high,low,5,namesilo,,,
371afcf5-49d3-4dbe-99ee-816324d89a09,barreled.tennis,available,65.99,65.99,medium,low,8,namesilo,,,08/08/2026 20:46
35d9b54b-0f3a-4843-8d8d-a38d2dea221c,more.tennis,resell,,,high,medium,4,Squarespace Domains II LLC,30/04/2017 15:56,30/04/2027 15:56,
73279a8e-b615-48bd-bade-a801fa05bb8e,unexpected.tennis,available,65.99,65.99,high,low,10,namesilo,,,
94f22619-c8b6-4327-a1b3-b2f9a4f0f71d,citizen.tennis,available,65.99,65.99,high,low,7,namesilo,,,
1ee450d1-764f-4f15-b30a-6d8ceabcb0ff,lowercase.tennis,available,65.99,65.99,high,low,9,namesilo,,,
b0196092-e10b-4806-b5a8-7805c9acfc6b,nurse.tennis,available,65.99,65.99,high,low,5,namesilo,,,
f1fcf456-e059-45d4-bf92-b9a94f67bfbd,britain.tennis,available,80.99,,high,low,7,name.com,,,
a4dfcb2f-fb72-485e-8b78-a156c5f33ec3,wrecked.tennis,available,65.99,65.99,high,low,7,namesilo,,,
d398a24d-1329-4ca3-a3d0-1d5b3a13d07d,uncomfortably.tennis,available,65.99,65.99,low,low,13,namesilo,,,
3354b27d-a840-4fe2-8543-50aa4f76d808,westhill.tennis,available,65.99,65.99,medium,low,9,namesilo,,,
d15bd773-c900-468e-b766-a399ca866260,subjects.tennis,available,65.99,65.99,medium,low,8,namesilo,,,
ccad50e9-0f8c-46e2-b033-f44b3c9e2a33,too.tennis,available,65.99,65.99,high,low,3,namesilo,,,
e758f872-5b74-41f2-8242-67e3febbf0f4,provisions.tennis,available,65.99,65.99,high,low,10,namesilo,,,08/09/2026 08:15
c7bbb699-0afb-4d8a-8522-164fb3592e27,said.tennis,available,65.99,65.99,high,low,4,namesilo,,,
aa63dfb4-0c40-45cd-b654-6d0d645e549d,arouse.tennis,available,65.99,65.99,high,low,6,namesilo,,,07/08/2026 23:59
71d90312-111d-465e-9476-6197ac69c451,sunday.tennis,available,65.99,65.99,high,low,6,namesilo,,,
c63f5d00-de79-41be-a563-b5499d8a0919,proven.tennis,available,65.99,65.99,high,low,6,namesilo,,,
a0da25af-7057-4b05-a33d-0bc9db598692,flee.tennis,available,65.99,65.99,high,low,4,namesilo,,,
45419063-8c74-4e5f-8d98-b57f14200ffb,laborious.tennis,available,65.99,65.99,medium,low,9,namesilo,,,06/08/2026 17:00
cc2383b4-3b40-495c-ad97-7efed38955da,alimental.tennis,available,65.99,65.99,medium,low,9,namesilo,,,
8ec25e3f-e98f-4a68-afc7-df65a78c2c93,answer.tennis,available,80.99,,high,low,6,name.com,,,
b2d1f8c0-cd39-4634-846c-bd67ec036343,issue.tennis,available,65.99,65.99,high,low,5,namesilo,,,
eac8b4e7-e8cf-4eea-a4d5-9abdf5a968c4,penny.tennis,available,65.99,65.99,high,low,5,namesilo,,,
e2b71a04-5a11-4c1b-80e7-a8b351b5e2ca,moon.tennis,premium,242,242,high,medium,4,namesilo,,,
4dfb736a-df72-41b2-a53d-d0659cfbb1fa,matte.tennis,available,65.99,65.99,high,low,5,namesilo,,,
99e7a991-43a1-4e2a-85b8-90363c77888b,generally.tennis,available,65.99,65.99,high,low,9,namesilo,,,
931845ce-1fad-4f21-a7f4-07079c466396,acceptive.tennis,available,65.99,65.99,medium,low,9,namesilo,,,
9528f13e-dca3-4347-ac36-d250001240e9,spry.tennis,available,65.99,65.99,high,low,4,namesilo,,,
1d13bdcb-de79-4357-bbfb-125782f0efc2,cxlv.tennis,available,65.99,65.99,high,low,4,namesilo,,,
f03a6418-aa81-4f3e-b595-193cd0ef187b,drippy.tennis,available,65.99,65.99,medium,low,6,namesilo,,,09/08/2026 00:32
399d8b05-3527-4dca-bff6-6bfd455aa517,our.tennis,premium,118.8,118.8,high,medium,3,namesilo,,,
5a3c8677-88ad-484f-bc62-9617b1784e14,pete.tennis,available,65.99,65.99,high,low,4,namesilo,,,
a0d80e23-5e23-476a-9e8a-a4fb04b7d7f8,cleaver.tennis,available,65.99,65.99,medium,low,7,namesilo,,,
fd2b2754-b66f-49e5-824b-2ce2fd4d027f,bash.tennis,available,65.99,65.99,high,low,4,namesilo,,,
407e6e9a-087a-481b-ba77-0217d5f98910,dwelling.tennis,available,65.99,65.99,high,low,8,namesilo,,,
90ba8c9a-ac4c-41ea-9c1a-e9dd114c96e0,zesty.tennis,available,67.98,81.98,high,low,5,namecheap,,,08/08/2026 20:02
76725b84-8333-455c-98e7-05503bf95aad,philanthropic.tennis,available,65.99,65.99,high,low,13,namesilo,,,
9da263a7-d885-4a73-8f26-666d20c25dcf,fascinating.tennis,available,80.99,,high,low,11,name.com,,,
517fa8f7-064f-4192-9514-cd9c11514375,indisposed.tennis,available,67.98,81.98,medium,low,10,namecheap,,,
0cdd66bb-df58-4be0-9b95-77c6dd02b5ff,apocryphal.tennis,available,65.99,65.99,high,low,10,namesilo,,,06/08/2026 01:11
7d1a2c2e-e9ce-47c3-9811-068e00509be7,anamorphic.tennis,available,65.99,65.99,medium,low,10,namesilo,,,
65270c76-0b18-4ba7-88cf-53e444417d26,sixtieth.tennis,available,65.99,65.99,high,low,8,namesilo,,,
38e314fd-5bbf-4f13-8026-28e1e3c74213,adulterous.tennis,available,65.99,65.99,medium,low,10,namesilo,,,
0b9a40d8-e9d1-4ef4-8fa6-18747b979136,documents.tennis,available,65.99,65.99,high,low,9,namesilo,,,
68b885a8-ee2f-4c2e-8cbf-0a7997b6ee80,steak.tennis,available,80.99,,high,low,5,name.com,,,
2b5c5413-7562-41b5-9605-0a2b5bff2a46,sense.tennis,available,,,high,low,5,,,,
0c3eddf4-cbc2-4ed5-abd2-984feb4c8589,analphabet.tennis,available,65.99,65.99,medium,low,10,namesilo,,,
945d5c3d-dd23-4e12-b873-86335536cc20,vanity.tennis,available,65.99,65.99,high,low,6,namesilo,,,
1cd6c758-e9d1-4aa9-b2b4-1dd541167091,screenshot.tennis,available,65.99,65.99,high,low,10,namesilo,,,
53e6319c-1c25-4743-a464-5758a1f338e1,stops.tennis,available,80.99,,high,low,5,name.com,,,